"EE505AC ","A",0.5
"ES456ACM","B",0.5
"ES802ACM","C",0.25
"ES807AC ","D",0.1
"ES991ACM","E",0.2
"30003ACM","F",0.3
"30026ACM","A",0.5
"30044ACM","B",0.25
"30067AC ","C",0.1
"30083ACM","D",0.2
"30160AC ","E",0.3
"30178AC ","F",0.5
"30179AC ","A",0.25
"30208ACM","B",0.1
"30220ACM","C",0.2
"30274AC ","D",0.3
"30281AC ","E",0.5
"30284AC ","F",0.25
"30299AC ","A",0.1
"30316AC ","B",0.2
"30317ACM","C",0.3
"30319ACM","D",0.5
"30321ACA","E",0.25
"30322AC ","F",0.1
"30421ACM","A",0.2
"30441ACM","B",0.3
"30464ACM","C",0.5
"30468ACM","D",0.25
"30469ACM","E",0.1
"30473ACM","F",0.2
"30477AC ","A",0.3
"30481ACM","B",0.5
"30483AC ","C",0.25
"30493AC ","D",0.1
"30494AC ","E",0.2
"30496AC ","F",0.3
"30532AC ","A",0.5
"30536AC ","B",0.25
"30543AC ","C",0.1
"30552AC ","D",0.2
"30559AC ","E",0.3
"30574ACM","F",0.5
"30575ACM","A",0.25
"30580ACM","B",0.1
"30581ACM","C",0.2
"30582ACM","D",0.3
"30583ACM","E",0.5
"30591ACM","F",0.25
"30601AC ","A",0.1
"30606AC ","B",0.2
"30608AC ","C",0.3
"30614ACA","D",0.5
"30619AC ","E",0.25
"30621AC ","F",0.1
"30622AC ","A",0.2
"30624AC ","B",0.3
"30629ACM","C",0.5
"30631ACM","D",0.25
"30651ACM","E",0.1
"30653ACM","F",0.2
"30658ACM","A",0.3
"30659ACM","B",0.5
"30676AC ","C",0.25
"30677AC ","D",0.1
"30678AC ","E",0.2
"30679AC ","F",0.3
"30682AC ","A",0.5
"30702AC ","B",0.25
"30703AC ","C",0.1
"30704AC ","D",0.2
"30706AC ","E",0.3
"30813AC ","F",0.5
"30993AC ","A",0.25
"31004AC ","B",0.1
"31007AC ","C",0.2
"31008AC ","D",0.3
"31009AC ","E",0.5
"31026AC ","F",0.25
"31031AC ","A",0.1
"31061ACM","B",0.2
"31065ACM","C",0.3
"31109AC ","D",0.5
"31159AC ","E",0.25
"31161ACM","F",0.1
"31208ACM","A",0.2
"31223ACM","B",0.3
"31225ACM","C",0.5
"31230ACM","D",0.25
"31234ACM","E",0.1
"31235ACM","F",0.2
"31236ACM","A",0.3
"31238ACM","B",0.5
"31239ACM","C",0.25
"31251ACM","D",0.1
"31252ACM","E",0.2
"31453ACM","F",0.3
"31456AC ","A",0.5
"31462ACM","B",0.25
"31468ACM","C",0.1
"31502ACM","D",0.2
"31552ACM","E",0.3
"31554ACM","F",0.5
"31563ACM","A",0.25
"31564ACM","B",0.1
"31589ACM","C",0.2
"31593ACM","D",0.3
"31626ACM","E",0.5
"31627ACM","F",0.25
"31644ACM","A",0.1
"31646ACM","B",0.2
"31685ACN","C",0.3
"31686ACN","D",0.5
"31700ACN","E",0.25
"31702ACN","F",0.1
"31704ACM","A",0.2
"31721AC ","B",0.3
"31725AC ","C",0.5
"31727AC ","D",0.25
"31729ACM","E",0.1
"31733AC ","F",0.2
"31736ACM","A",0.3
"31741AC ","B",0.5
"31743AC ","C",0.25
"31752AC ","D",0.1
"31754AC ","E",0.2
"31756AC ","F",0.3
"31763AC ","A",0.5
"31764AC ","B",0.25
"31766AC ","C",0.1
"31767AC ","D",0.2
"31769AC ","E",0.3
"31770AC ","F",0.5
"31771AC ","A",0.25
"31772AC ","B",0.1
"31773AC ","C",0.2
"31805AC ","D",0.3
"31806AC ","E",0.5
"31824AC ","F",0.25
"31834AC ","A",0.1
"31838AC ","B",0.2
"31839AC ","C",0.3
"31862AC ","D",0.5
"31887AC ","E",0.25
"31894AC ","F",0.1
"31904ACM","A",0.2
"31907AC ","B",0.3
"31908AC ","C",0.5
"31912AC ","D",0.25
"31913AC ","E",0.1
"31914AC ","F",0.2
"31915AC ","A",0.3
"31916AC ","B",0.5
"31919AC ","C",0.25
"31930AC ","D",0.1
"31931AC ","E",0.2
"31932AC ","F",0.3
"31933AC ","A",0.5
"31934AC ","B",0.25
"31945AC ","C",0.1
"31959ACM","D",0.2
"31962ACM","E",0.3
"32004ACM","F",0.5
"32041ACM","A",0.25
"32055ACM","B",0.1
"32062ACA","C",0.2
"32063ACA","D",0.3
"32065ACA","E",0.5
"32066ACA","F",0.25
"32071ACA","A",0.1
"32072ACA","B",0.2
"32073ACA","C",0.3
"32074ACA","D",0.5
"32077ACA","E",0.25
"32086ACA","F",0.1
"32087ACA","A",0.2
"32094ACA","B",0.3
"32099ACA","C",0.5
"32104ACM","D",0.25
"32105ACA","E",0.1
"32225AC ","F",0.2
"32235ACA","A",0.3
"32249AC ","B",0.5
"32250AC ","C",0.25
"32258ACM","D",0.1
"32301ACM","E",0.2
"32303ACM","F",0.3
"32312AC ","A",0.5
"3233DAC ","B",0.25
"32378ACM","C",0.1
"32379ACM","D",0.2
"32389ACM","E",0.3
"32520ACM","F",0.5
"32525AC ","A",0.25
"32526AC ","B",0.1
"32529AC ","C",0.2
"32538AC ","D",0.3
"32542AC ","E",0.5
"32543AC ","F",0.25
"32545AC ","A",0.1
"32547AC ","B",0.2
"32582AC ","C",0.3
"32628AC ","D",0.5
"32630ACM","E",0.25
"32637ACM","F",0.1
"32654ACM","A",0.2
"32655ACM","B",0.3
"32656ACM","C",0.5
"32657ACM","D",0.25
"32661ACM","E",0.1
"32671ACM","F",0.2
"32686ACM","A",0.3
"32687ACM","B",0.5
"32688ACA","C",0.25
"32693ACA","D",0.1
"32695AC ","E",0.2
"32708ACM","F",0.3
"32712ACM","A",0.5
"32713ACM","B",0.25
"32716ACM","C",0.1
"32786ACM","D",0.2
"32788ACM","E",0.3
"33092AC ","F",0.5
"33093AC ","A",0.25
"33094AC ","B",0.1
"33095AC ","C",0.2
"33096AC ","D",0.3
"33099AC ","E",0.5
"33106ACM","F",0.25
"33122ACM","A",0.1
"33124ACM","B",0.2
"33132AC ","C",0.3
"33136ACM","D",0.5
"33148ACM","E",0.25
"33161ACM","F",0.1
"33162ACM","A",0.2
"33170AC ","B",0.3
"33171AC ","C",0.5
"33189AC ","D",0.25
"33224ACM","E",0.1
"33226ACM","F",0.2
"33227AC ","A",0.3
"33263ACM","B",0.5
"33273ACM","C",0.25
"33326AC ","D",0.1
"33329ACM","E",0.2
"33332ACM","F",0.3
"33369AC ","A",0.5
"33377ACM","B",0.25
"33393ACA","C",0.1
"33395ACA","D",0.2
"33403ACM","E",0.3
"33407ACM","F",0.5
"33408ACM","A",0.25
"33422ACM","B",0.1
"33429ACM","C",0.2
"33454ACM","D",0.3
"33456ACM","E",0.5
"33478ACM","F",0.25
"33481ACM","A",0.1
"33555ACM","B",0.2
"33578AC ","C",0.3
"33584AC ","D",0.5
"33585AC ","E",0.25
"33602ACM","F",0.1
"33615ACM","A",0.2
"33618ACM","B",0.3
"33619ACM","C",0.5
"33620ACM","D",0.25
"33621ACM","E",0.1
"33622ACM","F",0.2
"33627ACM","A",0.3
"33628ACM","B",0.5
"33631ACM","C",0.25
"33638ACM","D",0.1
"33662ACM","E",0.2
"33664ACM","F",0.3
"33666ACM","A",0.5
"33678ACM","B",0.25
"33681ACM","C",0.1
"33682ACM","D",0.2
"33684ACM","E",0.3
"33685ACM","F",0.5
"33689ACM","A",0.25
"33731ACM","B",0.1
"33746ACM","C",0.2
"33770AC ","D",0.3
"33771AC ","E",0.5
"33814ACM","F",0.25
"33819ACM","A",0.1
"33821AC ","B",0.2
"33822AC ","C",0.3
"33823AC ","D",0.5
"33829AC ","E",0.25
"33835ACM","F",0.1
"33837AC ","A",0.2
"33852AC ","B",0.3
"33866ACM","C",0.5
"33867ACM","D",0.25
"33868ACM","E",0.1
"33875ACA","F",0.2
"33885AC ","A",0.3
"33892ACM","B",0.5
"33968ACM","C",0.25
"33984ACM","D",0.1
"33987ACM","E",0.2
"34002AC ","F",0.3
"34005ACM","A",0.5
"34034ACM","B",0.25
"34105ACM","C",0.1
"34111ACM","D",0.2
"34115ACM","E",0.3
"34116ACM","F",0.5
"34117ACM","A",0.25
"34137AC ","B",0.1
"34141ACM","C",0.2
"34144ACM","D",0.3
"34149AC ","E",0.5
"34153ACM","F",0.25
"34154ACM","A",0.1
"34156ACM","B",0.2
"34162ACM","C",0.3
"34167ACM","D",0.5
"34183AC ","E",0.25
"34209ACM","F",0.1
"34212ACM","A",0.2
"34213ACM","B",0.3
"34216ACM","C",0.5
"34217ACM","D",0.25
"34218ACM","E",0.1
"34219ACM","F",0.2
"34223ACM","A",0.3
"34224ACM","B",0.5
"34234AC ","C",0.25
"34239AC ","D",0.1
"34244ACM","E",0.2
"34247AC ","F",0.3
"34257ACM","A",0.5
"34261AC ","B",0.25
"34263ACM","C",0.1
"34265AC ","D",0.2
"34266AC ","E",0.3
"34269AC ","F",0.5
"34329ACA","A",0.25
"34387ACM","B",0.1
"34423ACM","C",0.2
"34437ACM","D",0.3
"34439ACM","E",0.5
"34449ACM","F",0.25
"34466AC ","A",0.1
"34467AC ","B",0.2
"34483ACM","C",0.3
"34488AC ","D",0.5
"34491AC ","E",0.25
"34521AC ","F",0.1
"34527AC ","A",0.2
"34528AC ","B",0.3
"34549ACM","C",0.5
"34576ACM","D",0.25
"34578ACM","E",0.1
"34579ACM","F",0.2
"34597ACM","A",0.3
"34598ACM","B",0.5
"34607ACM","C",0.25
"34645ACM","D",0.1
"34674ACM","E",0.2
"34677ACM","F",0.3
"34690ACM","A",0.5
"34719ACM","B",0.25
"34727AC ","C",0.1
"34734AC ","D",0.2
"34740ACM","E",0.3
"34741ACM","F",0.5
"34742ACM","A",0.25
"34743ACM","B",0.1
"34755ACM","C",0.2
"34764ACM","D",0.3
"34765ACM","E",0.5
"34770ACM","F",0.25
"34773ACM","A",0.1
"34777AC ","B",0.2
"34786ACM","C",0.3
"34788ACM","D",0.5
"34795AC ","E",0.25
"34796AC ","F",0.1
"34842AC ","A",0.2
"34855ACM","B",0.3
"34856ACM","C",0.5
"34871ACM","D",0.25
"34872ACM","E",0.1
"34900ACM","F",0.2
"34903ACM","A",0.3
"34906ACM","B",0.5
"34911ACM","C",0.25
"34918ACM","D",0.1
"35002ACM","E",0.2
"35004ACM","F",0.3
"35005ACM","A",0.5
"35007ACM","B",0.25
"35008ACM","C",0.1
"35017ACM","D",0.2
"35036ACM","E",0.3
"35038ACM","F",0.5
"3506DACM","A",0.25
"35082ACM","B",0.1
"35084ACM","C",0.2
"35085ACM","D",0.3
"35098ACM","E",0.5
"35115ACM","F",0.25
"35119ACM","A",0.1
"35123ACM","B",0.2
"35125ACM","C",0.3
"35126ACM","D",0.5
"35140ACM","E",0.25
"35142ACM","F",0.1
"35152ACM","A",0.2
"35154ACM","B",0.3
"35155ACM","C",0.5
"35159ACM","D",0.25
"35169ACM","E",0.1
"35171ACM","F",0.2
"35174ACM","A",0.3
"35175ACM","B",0.5
"35177ACM","C",0.25
"35181ACM","D",0.1
"35212ACM","E",0.2
"35244ACM","F",0.3
"35259ACM","A",0.5
"35275ACM","B",0.25
"35313ACM","C",0.1
"35327ACM","D",0.2
"35328ACM","E",0.3
"35332ACM","F",0.5
"35347ACM","A",0.25
"35351ACM","B",0.1
"35360ACM","C",0.2
"35364ACM","D",0.3
"35365ACM","E",0.5
"35378ACM","F",0.25
"35418ACM","A",0.1
"35451ACM","B",0.2
"35464ACM","C",0.3
"35469ACM","D",0.5
"35481ACM","E",0.25
"35484ACM","F",0.1
"35485ACM","A",0.2
"35487ACM","B",0.3
"35488ACM","C",0.5
"35607ACM","D",0.25
"35874ACM","E",0.1
"35875ACM","F",0.2
"35886ACM","A",0.3
"35887ACM","B",0.5
"35888ACM","C",0.25
"35918ACM","D",0.1
"35970ACM","E",0.2
"36006ACM","F",0.3
"36025ACM","A",0.5
"36028ACM","B",0.25
"36054ACM","C",0.1
"36055ACM","D",0.2
"36074ACM","E",0.3
"36158ACM","F",0.5
"36172ACM","A",0.25
"36248ACM","B",0.1
"36249ACM","C",0.2
"36275ACM","D",0.3
"36277ACM","E",0.5
"36278ACM","F",0.25
"36349ACM","A",0.1
"36435ACM","B",0.2
"36436ACM","C",0.3
"36437ACM","D",0.5
"36440ACM","E",0.25
"36441ACM","F",0.1
"36446ACM","A",0.2
"36470ACM","B",0.3
"36478ACM","C",0.5
"36479ACM","D",0.25
"36481ACM","E",0.1
"36482ACM","F",0.2
"36485ACM","A",0.3
"36487ACM","B",0.5
"36488ACM","C",0.25
"36490ACM","D",0.1
"36503ACM","E",0.2
"36504ACM","F",0.3
"36507ACM","A",0.5
"36547ACM","B",0.25
"36549ACM","C",0.1
"36554ACM","D",0.2
"36557ACM","E",0.3
"36558ACM","F",0.5
"36564ACM","A",0.25
"36576ACM","B",0.1
"36577ACM","C",0.2
"36608ACM","D",0.3
"36609ACM","E",0.5
"36645ACM","F",0.25
"36654ACM","A",0.1
"36666ACM","B",0.2
"36678ACM","C",0.3
"36709ACM","D",0.5
"36712ACM","E",0.25
"36714ACM","F",0.1
"36791ACM","A",0.2
"36792ACM","B",0.3
"36800ACM","C",0.5
"36804ACM","D",0.25
"36807ACM","E",0.1
"36839ACM","F",0.2
"36841ACM","A",0.3
"36842ACM","B",0.5
"36844ACM","C",0.25
"36862AC ","D",0.1
"36878AC ","E",0.2
"36884ACM","F",0.3
"36886ACM","A",0.5
"36887ACM","B",0.25
"36888ACM","C",0.1
"36889ACM","D",0.2
"36891ACM","E",0.3
"36902ACM","F",0.5
"36903ACM","A",0.25
"36904ACM","B",0.1
"36905ACM","C",0.2
"36916ACM","D",0.3
"36923ACM","E",0.5
"36924ACM","F",0.25
"36929AC ","A",0.1
"36936AC ","B",0.2
"36958ACM","C",0.3
"36959AC ","D",0.5
"36973ACM","E",0.25
"36987AC ","F",0.1
"36988AC ","A",0.2
"37016ACM","B",0.3
"37020AC ","C",0.5
"37023AC ","D",0.25
"37025AC ","E",0.1
"37026AC ","F",0.2
"37027AC ","A",0.3
"37028AC ","B",0.5
"37029AC ","C",0.25
"37038AC ","D",0.1
"37041AC ","E",0.2
"37043AC ","F",0.3
"37044ACA","A",0.5
"37047ACM","B",0.25
"37062ACA","C",0.1
"37070ACM","D",0.2
"37072ACM","E",0.3
"37075ACM","F",0.5
"37076ACM","A",0.25
"37077ACM","B",0.1
"37079ACM","C",0.2
"37084ACM","D",0.3
"37085ACM","E",0.5
"37088ACM","F",0.25
"37092ACM","A",0.1
"37097ACM","B",0.2
"37140ACM","C",0.3
"37147ACM","D",0.5
"37175ACM","E",0.25
"37179ACM","F",0.1
"37188ACM","A",0.2
"37190ACM","B",0.3
"37192ACM","C",0.5
"37204ACM","D",0.25
"37211ACM","E",0.1
"37215ACM","F",0.2
"37223ACK","A",0.3
"37228ACK","B",0.5
"37229ACK","C",0.25
"37238ACM","D",0.1
"37288ACM","E",0.2
"37311ACM","F",0.3
"37314ACM","A",0.5
"37324ACM","B",0.25
"37325ACM","C",0.1
"37336ACM","D",0.2
"37348ACM","E",0.3
"37372ACM","F",0.5
"37391ACM","A",0.25
"37392ACM","B",0.1
"37393ACM","C",0.2
"37407ACM","D",0.3
"37410ACM","E",0.5
"37411ACM","F",0.25
"37416ACM","A",0.1
"37417ACM","B",0.2
"37418ACM","C",0.3
"37424ACM","D",0.5
"37435ACM","E",0.25
"37452ACM","F",0.1
"37484ACM","A",0.2
"37485ACM","B",0.3
"37487ACM","C",0.5
"37494ACM","D",0.25
"37495ACM","E",0.1
"37497ACM","F",0.2
"37498ACM","A",0.3
"37546ACM","B",0.5
"37554AC ","C",0.25
"37586ACM","D",0.1
"37592ACM","E",0.2
"37627ACM","F",0.3
"37632ACM","A",0.5
"37634ACM","B",0.25
"37638ACM","C",0.1
"37639ACM","D",0.2
"37666AC ","E",0.3
"37682ACM","F",0.5
"37687ACM","A",0.25
"37688ACM","B",0.1
"37689ACM","C",0.2
"37690ACM","D",0.3
"37691ACM","E",0.5
"37719ACM","F",0.25
"37741ACM","A",0.1
"37743ACM","B",0.2
"37744ACM","C",0.3
"37745ACM","D",0.5
"37748ACM","E",0.25
"37749ACM","F",0.1
"37761ACM","A",0.2
"37771ACM","B",0.3
"37772ACM","C",0.5
"37773ACM","D",0.25
"37774ACM","E",0.1
"37776ACM","F",0.2
"37777ACM","A",0.3
"37788ACM","B",0.5
"37789ACM","C",0.25
"37791ACM","D",0.1
"37799ACM","E",0.2
"37803ACM","F",0.3
"37804ACM","A",0.5
"37806ACM","B",0.25
"37812ACM","C",0.1
"37814ACM","D",0.2
"37888ACM","E",0.3
"37903ACM","F",0.5
"37926ACM","A",0.25
"38015ACM","B",0.1
"38023ACM","C",0.2
"38024ACM","D",0.3
"38026ACM","E",0.5
"38059ACM","F",0.25
"38061ACM","A",0.1
"38139ACM","B",0.2
"38143ACM","C",0.3
"38148ACM","D",0.5
"38182ACM","E",0.25
"38183ACM","F",0.1
"38362ACM","A",0.2
"38385ACA","B",0.3
"38444ACM","C",0.5
"38447ACM","D",0.25
"38458ACM","E",0.1
"38501AC ","F",0.2
"38514AC ","A",0.3
"38516AC ","B",0.5
"38521AC ","C",0.25
"38530AC ","D",0.1
"38704ACM","E",0.2
"38840AC ","F",0.3
"38842AC ","A",0.5
"38898ACM","B",0.25
"38902ACM","C",0.1
"38903ACM","D",0.2
"38918ACM","E",0.3
"38923ACM","F",0.5
"38927ACM","A",0.25
"38931ACM","B",0.1
"38959ACM","C",0.2
"38960ACM","D",0.3
"38961ACM","E",0.5
"38962ACM","F",0.25
"38963ACM","A",0.1
"38964ACM","B",0.2
"38966ACM","C",0.3
"38967ACM","D",0.5
"38968ACM","E",0.25
"38972ACM","F",0.1
"38979ACM","A",0.2
"39009ACM","B",0.3
"39011ACM","C",0.5
"39051ACM","D",0.25
"39052ACM","E",0.1
"39056ACM","F",0.2
"39069ACM","A",0.3
"39087ACM","B",0.5
"39089ACM","C",0.25
"39090ACM","D",0.1
"39092ACM","E",0.2
"39093ACM","F",0.3
"39095ACM","A",0.5
"39096ACM","B",0.25
"39098ACM","C",0.1
"39099ACM","D",0.2
"39101ACM","E",0.3
"39143ACM","F",0.5
"39145ACM","A",0.25
"39146ACM","B",0.1
"39148ACM","C",0.2
"39149ACM","D",0.3
"39155ACM","E",0.5
"39156ACM","F",0.25
"39158ACM","A",0.1
"39159ACM","B",0.2
"39163ACM","C",0.3
"39164ACM","D",0.5
"39165ACA","E",0.25
"39178AC ","F",0.1
"39179AC ","A",0.2
"39181ACM","B",0.3
"39183ACM","C",0.5
"39191ACM","D",0.25
"39362ACM","E",0.1
"39364ACM","F",0.2
"39441ACM","A",0.3
"39443ACM","B",0.5
"39444ACM","C",0.25
"39445ACM","D",0.1
"39446ACM","E",0.2
"39476ACM","F",0.3
"39477ACM","A",0.5
"39478ACM","B",0.25
"39527ACM","C",0.1
"39591ACM","D",0.2
"39595ACA","E",0.3
"39597ACM","F",0.5
"39726AC ","A",0.25
"39727AC ","B",0.1
"39728AC ","C",0.2
"39773ACM","D",0.3
"39880ACM","E",0.5
"39912ACM","F",0.25
"39915ACM","A",0.1
"39935ACM","B",0.2
"39950ACM","C",0.3
"60157ACM","D",0.5
"60225ACM","E",0.25
"60428ACM","F",0.1
"60605ACM","A",0.2
"60624ACM","B",0.3
"60686ACM","C",0.5
"60744ACM","D",0.25
"60776AC ","E",0.1
"60778AC ","F",0.2
"60779AC ","A",0.3
"60784ACM","B",0.5
"60808ACM","C",0.25
"60821ACM","D",0.1
"60848ACM","E",0.2
"60873ACM","F",0.3
"60875ACM","A",0.5
"60877ACM","B",0.25
"60878ACM","C",0.1
"60882ACM","D",0.2
"60922ACM","E",0.3
"60924ACM","F",0.5
"60986ACM","A",0.25
"60993ACM","B",0.1
"61028ACM","C",0.2
"61029ACM","D",0.3
"61095ACM","E",0.5
"61102ACM","F",0.25
"61104ACM","A",0.1
"61121ACM","B",0.2
"61122ACM","C",0.3
"61155ACM","D",0.5
"61162AC ","E",0.25
"61163AC ","F",0.1
"61165AC ","A",0.2
"61175ACM","B",0.3
"61180ACM","C",0.5
"61205ACM","D",0.25
"61208ACM","E",0.1
"61209ACM","F",0.2
"61212ACM","A",0.3
"61215ACM","B",0.5
"61220ACM","C",0.25
"61223ACM","D",0.1
"61225ACM","E",0.2
"61226ACM","F",0.3
"61229ACM","A",0.5
"61241ACM","B",0.25
"61242ACM","C",0.1
"61244ACM","D",0.2
"61253ACM","E",0.3
"61266ACM","F",0.5
"61267ACM","A",0.25
"61283ACM","B",0.1
"61284ACM","C",0.2
"61298ACM","D",0.3
"61358ACM","E",0.5
"61376AC ","F",0.25
"61377ACM","A",0.1
"61378ACM","B",0.2
"61380ACM","C",0.3
"61395ACM","D",0.5
"61411ACM","E",0.25
"61414ACM","F",0.1
"61422ACN","A",0.2
"61438ACN","B",0.3
"61444ACM","C",0.5
"61459ACM","D",0.25
"61464ACM","E",0.1
"61475ACM","F",0.2
"61483ACM","A",0.3
"61484ACM","B",0.5
"61497ACM","C",0.25
"61500ACM","D",0.1
"61507ACM","E",0.2
"61542AC ","F",0.3
"61581ACM","A",0.5
"61583ACM","B",0.25
"61585ACM","C",0.1
"61588ACM","D",0.2
"61603AC ","E",0.3
"61614ACM","F",0.5
"61623ACM","A",0.25
"61624ACM","B",0.1
"61625ACM","C",0.2
"61626ACM","D",0.3
"61627ACM","E",0.5
"61632ACM","F",0.25
"61637ACM","A",0.1
"61645ACM","B",0.2
"61647ACM","C",0.3
"61658ACM","D",0.5
"61836ACM","E",0.25
"61903ACM","F",0.1
"61911ACM","A",0.2
"61913ACM","B",0.3
"61919ACM","C",0.5
"61968ACM","D",0.25
"61975AC ","E",0.1
"62003AC ","F",0.2
"62025ACK","A",0.3
"62167ACM","B",0.5
"62180ACM","C",0.25
"62207ACM","D",0.1
"62284ACM","E",0.2
"62386ACM","F",0.3
"62446ACM","A",0.5
"62578ACM","B",0.25
"62630ACM","C",0.1
"62637ACM","D",0.2
"62766ACM","E",0.3
"62767ACM","F",0.5
"62768ACM","A",0.25
"62769ACM","B",0.1
"62770AC ","C",0.2
"62771AC ","D",0.3
"62774ACM","E",0.5
"62776ACM","F",0.25
"62815ACM","A",0.1
"62913ACM","B",0.2
"62966ACM","C",0.3
"62982ACM","D",0.5
"62984ACM","E",0.25
"62988ACM","F",0.1
"63005ACM","A",0.2
"63037ACM","B",0.3
"63041ACM","C",0.5
"63043ACM","D",0.25
"63044ACM","E",0.1
"63053ACM","F",0.2
"63058ACM","A",0.3
"63065ACV","B",0.5
"63100ACM","C",0.25
"63109ACM","D",0.1
"63110ACM","E",0.2
"63112ACM","F",0.3
"63116ACM","A",0.5
"63117ACM","B",0.25
"63118ACM","C",0.1
"63149ACM","D",0.2
"63154ACM","E",0.3
"63170ACM","F",0.5
"63171ACM","A",0.25
"63184ACM","B",0.1
"63235ACM","C",0.2
"63265AC ","D",0.3
"63266AC ","E",0.5
"63341ACM","F",0.25
"63399ACM","A",0.1
"63414ACM","B",0.2
"63676ACM","C",0.3
"63679ACM","D",0.5
"63705ACM","E",0.25
"63706ACM","F",0.1
"63709ACM","A",0.2
"63750ACM","B",0.3
"63751ACM","C",0.5
"63756ACM","D",0.25
"63768ACM","E",0.1
"63780ACM","F",0.2
"63783ACM","A",0.3
"63785ACM","B",0.5
"63787ACM","C",0.25
"63789ACM","D",0.1
"63897ACM","E",0.2
"63916ACM","F",0.3
"63918ACM","A",0.5
"63931ACM","B",0.25
"63932ACM","C",0.1
"63934ACM","D",0.2
"63963ACM","E",0.3
"63978ACM","F",0.5
"63979ACM","A",0.25
"64000ACM","B",0.1
"64001ACM","C",0.2
"64002ACM","D",0.3
"64003ACM","E",0.5
"64004ACM","F",0.25
"64008ACM","A",0.1
"64011ACM","B",0.2
"64012ACM","C",0.3
"64035ACM","D",0.5
"64113AC ","E",0.25
"64124ACM","F",0.1
"64145ACM","A",0.2
"64210ACM","B",0.3
"64213ACM","C",0.5
"64221ACN","D",0.25
"64222ACN","E",0.1
"64228ACN","F",0.2
"64231ACN","A",0.3
"64238ACN","B",0.5
"64305ACM","C",0.25
"64306ACM","D",0.1
"64355ACM","E",0.2
"64359ACM","F",0.3
"64377ACM","A",0.5
"64388ACM","B",0.25
"64426ACM","C",0.1
"64428ACM","D",0.2
"64429ACM","E",0.3
"64435ACM","F",0.5
"64436ACM","A",0.25
"64444ACM","B",0.1
"64449ACM","C",0.2
"64452ACM","D",0.3
"64478ACM","E",0.5
"64500ACM","F",0.25
"64502ACM","A",0.1
"64594ACM","B",0.2
"64602ACM","C",0.3
"64611ACM","D",0.5
"64755AC ","E",0.25
"64757ACM","F",0.1
"64876ACM","A",0.2
"64877ACM","B",0.3
"64878ACM","C",0.5
"64879ACM","D",0.25
"64947ACM","E",0.1
"64959ACM","F",0.2
"64989ACM","A",0.3
"65052ACM","B",0.5
"65054ACM","C",0.25
"65073ACM","D",0.1
"65115ACM","E",0.2
"65186ACM","F",0.3
"65343ACM","A",0.5
"65347ACM","B",0.25
"65398AC ","C",0.1
"65405ACM","D",0.2
"65539AC ","E",0.3
"65543ACM","F",0.5
"65548ACM","A",0.25
"65616ACM","B",0.1
"65662AC ","C",0.2
"65663AC ","D",0.3
"65669AC ","E",0.5
"65766ACM","F",0.25
"65769ACM","A",0.1
"65777ACM","B",0.2
"65863ACM","C",0.3
"65936ACM","D",0.5
"65939ACM","E",0.25
"66000ACM","F",0.1
"66060ACM","A",0.2
"66073AC ","B",0.3
"66079ACM","C",0.5
"66088ACM","D",0.25
"66089ACM","E",0.1
"66093ACM","F",0.2
"66094ACM","A",0.3
"66104ACM","B",0.5
"66108ACM","C",0.25
"66112ACM","D",0.1
"66130ACM","E",0.2
"66133ACM","F",0.3
"66137ACM","A",0.5
"66153ACM","B",0.25
"66170ACM","C",0.1
"66175ACM","D",0.2
"66189ACM","E",0.3
"66224ACM","F",0.5
"66228ACM","A",0.25
"66363ACM","B",0.1
"66400ACM","C",0.2
"66421ACM","D",0.3
"66426ACM","E",0.5
"66451ACM","F",0.25
"66457ACM","A",0.1
"66465ACM","B",0.2
"66468ACM","C",0.3
"66473ACM","D",0.5
"66474ACM","E",0.25
"66498ACM","F",0.1
"66518ACM","A",0.2
"66525ACM","B",0.3
"66551ACM","C",0.5
"66630ACM","D",0.25
"66656ACM","E",0.1
"66659ACM","F",0.2
"66678ACM","A",0.3
"66683ACM","B",0.5
"66717ACM","C",0.25
"66726ACM","D",0.1
"66796ACM","E",0.2
"66858ACM","F",0.3
"66859ACM","A",0.5
"66864ACM","B",0.25
"66872ACM","C",0.1
"66877ACM","D",0.2
"66897ACM","E",0.3
"66937ACM","F",0.5
"66938ACM","A",0.25
"66952ACM","B",0.1
"66953ACM","C",0.2
"66954ACM","D",0.3
"66965ACM","E",0.5
"67149ACM","F",0.25
"67165ACM","A",0.1
"67210ACM","B",0.2
"67271ACM","C",0.3
"67286ACM","D",0.5
"67292AC ","E",0.25
"67301ACM","F",0.1
"67302ACM","A",0.2
"67303ACM","B",0.3
"67307ACM","C",0.5
"67308ACM","D",0.25
"67309ACM","E",0.1
"67341ACM","F",0.2
"67342ACM","A",0.3
"67352ACM","B",0.5
"67353ACM","C",0.25
"67354ACM","D",0.1
"67358ACM","E",0.2
"67359ACM","F",0.3
"67362ACM","A",0.5
"67401AC ","B",0.25
"67433AC ","C",0.1
"67438AC ","D",0.2
"67511AC ","E",0.3
"67532ACM","F",0.5
"67533ACM","A",0.25
"67534AC ","B",0.1
"67563AC ","C",0.2
"6757DACM","D",0.3
"67570ACM","E",0.5
"67575ACM","F",0.25
"67576ACM","A",0.1
"67619ACM","B",0.2
"67687ACM","C",0.3
"67689ACM","D",0.5
"67714ACM","E",0.25
"67742ACN","F",0.1
"67745ACM","A",0.2
"67748ACM","B",0.3
"67767ACN","C",0.5
"67771ACM","D",0.25
"67776ACN","E",0.1
"67777ACN","F",0.2
"67782ACM","A",0.3
"67799ACM","B",0.5
"67810ACM","C",0.25
"67812ACM","D",0.1
"67817ACM","E",0.2
"67827ACM","F",0.3
"67848ACM","A",0.5
"67891ACM","B",0.25
"67893ACM","C",0.1
"67894ACM","D",0.2
"67895ACM","E",0.3
"67950ACM","F",0.5
"67961ACM","A",0.25
"67962ACM","B",0.1
"67970ACM","C",0.2
"68028ACM","D",0.3
"68031ACM","E",0.5
"68035AC ","F",0.25
"68042AC ","A",0.1
"68071ACM","B",0.2
"68075ACM","C",0.3
"68089ACM","D",0.5
"68114AC ","E",0.25
"68117ACM","F",0.1
"68164ACM","A",0.2
"68166ACM","B",0.3
"68217ACM","C",0.5
"68242ACM","D",0.25
"68250ACM","E",0.1
"68258ACM","F",0.2
"68277ACM","A",0.3
"68279ACM","B",0.5
"68288ACM","C",0.25
"68299ACM","D",0.1
"68321ACM","E",0.2
"68323ACM","F",0.3
"68328ACM","A",0.5
"68346ACM","B",0.25
"6837DACM","C",0.1
"68370ACM","D",0.2
"68371ACM","E",0.3
"68372ACM","F",0.5
"68374ACM","A",0.25
"68386ACM","B",0.1
"68387ACM","C",0.2
"68392ACM","D",0.3
"68393ACM","E",0.5
"68395ACM","F",0.25
"68397ACM","A",0.1
"68398ACM","B",0.2
"68437ACM","C",0.3
"68445ACM","D",0.5
"68446ACM","E",0.25
"68448ACM","F",0.1
"68458ACM","A",0.2
"68482ACM","B",0.3
"68486ACM","C",0.5
"68487ACM","D",0.25
"68488ACM","E",0.1
"68491ACM","F",0.2
"68543ACM","A",0.3
"68548ACM","B",0.5
"68604ACM","C",0.25
"68622AC ","D",0.1
"68627ACM","E",0.2
"68628ACM","F",0.3
"68638ACM","A",0.5
"68738ACM","B",0.25
"68748ACM","C",0.1
"68757ACM","D",0.2
"68770ACM","E",0.3
"68804ACM","F",0.5
"68813ACM","A",0.25
"68828ACM","B",0.1
"68881ACM","C",0.2
"68882ACM","D",0.3
"68883ACM","E",0.5
"68884ACM","F",0.25
"68892ACM","A",0.1
"68893ACM","B",0.2
"68898ACM","C",0.3
"68902ACM","D",0.5
"68922ACM","E",0.25
"68933ACM","F",0.1
"68937ACM","A",0.2
"68938ACM","B",0.3
"68939ACM","C",0.5
"68942ACA","D",0.25
"68943ACA","E",0.1
"68944ACA","F",0.2
"68946ACA","A",0.3
"68947ACA","B",0.5
"68948ACA","C",0.25
"68949ACA","D",0.1
"68954ACM","E",0.2
"68959ACM","F",0.3
"68974ACM","A",0.5
"68983ACM","B",0.25
"68994ACM","C",0.1
"68997ACM","D",0.2
"69041ACN","E",0.3
"69069ACM","F",0.5
"69072ACM","A",0.25
"69078ACM","B",0.1
"69079AC ","C",0.2
"69084ACM","D",0.3
"69091ACM","E",0.5
"69096ACM","F",0.25
"69099ACM","A",0.1
"69122ACM","B",0.2
"69123ACM","C",0.3
"69129ACM","D",0.5
"69134ACM","E",0.25
"69136ACM","F",0.1
"69197ACM","A",0.2
"69208ACM","B",0.3
"69209ACA","C",0.5
"69214ACM","D",0.25
"69251ACM","E",0.1
"69253ACM","F",0.2
"69350ACM","A",0.3
"69362ACM","B",0.5
"69379AC ","C",0.25
"69403ACM","D",0.1
"69415ACM","E",0.2
"69432ACM","F",0.3
"69474ACM","A",0.5
"69477ACM","B",0.25
"69508ACM","C",0.1
"69512ACM","D",0.2
"69513ACM","E",0.3
"69514ACM","F",0.5
"69559ACM","A",0.25
"69569ACM","B",0.1
"69584ACM","C",0.2
"69601ACM","D",0.3
"69606ACM","E",0.5
"69607ACM","F",0.25
"69608ACM","A",0.1
"69609ACM","B",0.2
"69613ACM","C",0.3
"69658ACM","D",0.5
"69663AC ","E",0.25
"69664ACM","F",0.1
"69666ACM","A",0.2
"69667ACM","B",0.3
"69668ACM","C",0.5
"69675ACM","D",0.25
"69679ACM","E",0.1
"69686AC ","F",0.2
"69690ACM","A",0.3
"69696ACM","B",0.5
"69752ACM","C",0.25
"69753ACM","D",0.1
"69754ACM","E",0.2
"69825ACM","F",0.3
"69826ACM","A",0.5
"69827ACM","B",0.25
"69842ACM","C",0.1
"69854AC ","D",0.2
"69856ACM","E",0.3
"69858ACM","F",0.5
"69867AC ","A",0.25
"69883ACA","B",0.1
"69884ACM","C",0.2
"69888ACA","D",0.3
"69889ACA","E",0.5
"69891ACM","F",0.25
"69903ACM","A",0.1
"69910ACM","B",0.2
"69915ACM","C",0.3
"69916ACM","D",0.5
"69919ACM","E",0.25
"69931ACM","F",0.1
"69932ACM","A",0.2
"69933ACM","B",0.3
"69941ACM","C",0.5
"69950ACM","D",0.25
"69952ACM","E",0.1
"69954ACM","F",0.2
"69959ACM","A",0.3
"69964ACM","B",0.5
"69966ACM","C",0.25
"72004ACW","D",0.1
"72015ACW","E",0.2
"72017ACW","F",0.3
"72024ACW","A",0.5
"72026ACW","B",0.25
"72028ACW","C",0.1
"72046ACW","D",0.2
"72070ACW","E",0.3
"72085ACW","F",0.5
"72092ACW","A",0.25
"72220ACW","B",0.1
"72414ACW","C",0.2
"72422ACW","D",0.3
"72423ACW","E",0.5
"72432ACW","F",0.25
"72433ACW","A",0.1
"72437ACW","B",0.2
"72439ACW","C",0.3
"72447ACW","D",0.5
"72462ACW","E",0.25
"72463ACW","F",0.1
"72465ACW","A",0.2
"72466ACW","B",0.3
"72467ACW","C",0.5
"72470ACW","D",0.25
"72471ACW","E",0.1
"72472ACW","F",0.2
"72473ACW","A",0.3
"72474ACW","B",0.5
"72481ACW","C",0.25
"72485ACW","D",0.1
"72487ACW","E",0.2
"72488ACW","F",0.3
"72489ACW","A",0.5
"72498ACW","B",0.25
"72500ACW","C",0.1
"72501ACW","D",0.2
"72502ACW","E",0.3
"72503ACW","F",0.5
"72504ACW","A",0.25
"72510ACW","B",0.1
"72520ACW","C",0.2
"72525ACW","D",0.3
"72720ACW","E",0.5
"72740ACW","F",0.25
"72750ACW","A",0.1
"72813ACW","B",0.2
"7400DACM","C",0.3
"74000ACW","D",0.5
"74001ACW","E",0.25
"74002ACW","F",0.1
"74003ACW","A",0.2
"74004ACW","B",0.3
"74005ACW","C",0.5
"74006ACW","D",0.25
"75003ACW","E",0.1
"75014ACW","F",0.2
"75109ACW","A",0.3
"75110ACW","B",0.5
"75714ACW","C",0.25
"75718ACW","D",0.1
"75758ACW","E",0.2
"76302ACW","F",0.3
"76328ACW","A",0.5
"76345ACW","B",0.25
"76353ACW","C",0.1
"76681ACW","D",0.2
"8A001ACU","E",0.3
"8A003ACU","F",0.5
"8A004ACU","A",0.25
"8A005ACU","B",0.1
"8A006ACU","C",0.2
"8A007ACU","D",0.3
"8A008ACU","E",0.5
"8A009ACU","F",0.25
"8A010ACU","A",0.1
"8A012ACU","B",0.2
"8A013ACU","C",0.3
"8A014ACU","D",0.5
"8A015ACU","E",0.25
"8A016ACU","F",0.1
"8A017ACU","A",0.2
"8A018ACU","B",0.3
"8A019ACU","C",0.5
"8A020ACU","D",0.25
"8A021ACU","E",0.1
"80011ACM","F",0.2
"80025ACM","A",0.3
"80035ACM","B",0.5
"80116ACM","C",0.25
"80117ACM","D",0.1
"80142ACM","E",0.2
"80157ACM","F",0.3
"80158ACM","A",0.5
"80161ACM","B",0.25
"80176ACM","C",0.1
"80194AC ","D",0.2
"80196ACM","E",0.3
"80203ACM","F",0.5
"80204ACM","A",0.25
"80218ACM","B",0.1
"80236ACM","C",0.2
"80237ACM","D",0.3
"80246ACM","E",0.5
"80310ACM","F",0.25
"80434ACM","A",0.1
"80435ACM","B",0.2
"80438ACM","C",0.3
"80439AC ","D",0.5
"80443ACM","E",0.25
"80473AC ","F",0.1
"80474AC ","A",0.2
"80508ACM","B",0.3
"80559AC ","C",0.5
"80594AC ","D",0.25
"80607AC ","E",0.1
"80608ACM","F",0.2
"80618ACM","A",0.3
"80643ACM","B",0.5
"80669ACM","C",0.25
"80768ACA","D",0.1
"80769ACA","E",0.2
"80807ACM","F",0.3
"80809ACM","A",0.5
"80816ACM","B",0.25
"80818ACM","C",0.1
"80819ACM","D",0.2
"80859ACM","E",0.3
"80862ACM","F",0.5
"80904ACM","A",0.25
"80992ACM","B",0.1
"81021ACM","C",0.2
"81064AC ","D",0.3
"81066AC ","E",0.5
"81069AC ","F",0.25
"81079AC ","A",0.1
"81080ACM","B",0.2
"81081ACM","C",0.3
"81091ACM","D",0.5
"81098ACM","E",0.25
"81121ACM","F",0.1
"81129ACM","A",0.2
"81159ACM","B",0.3
"81175ACM","C",0.5
"81183ACM","D",0.25
"81202ACM","E",0.1
"81207ACM","F",0.2
"81209ACM","A",0.3
"81211ACM","B",0.5
"81217ACM","C",0.25
"81304ACM","D",0.1
"81307ACM","E",0.2
"81311ACM","F",0.3
"81312ACM","A",0.5
"81313ACM","B",0.25
"81314ACM","C",0.1
"81317ACM","D",0.2
"81323ACM","E",0.3
"81324ACM","F",0.5
"81328ACM","A",0.25
"81356ACM","B",0.1
"81401ACM","C",0.2
"81413ACM","D",0.3
"81422ACM","E",0.5
"81444ACM","F",0.25
"81449ACM","A",0.1
"81458ACM","B",0.2
"81459ACM","C",0.3
"81461AC ","D",0.5
"81462AC ","E",0.25
"81463AC ","F",0.1
"81464AC ","A",0.2
"81474ACM","B",0.3
"81476AC ","C",0.5
"81477AC ","D",0.25
"81484ACM","E",0.1
"81503ACM","F",0.2
"81537ACM","A",0.3
"81540ACM","B",0.5
"81543ACM","C",0.25
"81544ACM","D",0.1
"81546ACM","E",0.2
"81556ACM","F",0.3
"81563ACM","A",0.5
"81565ACM","B",0.25
"81575ACA","C",0.1
"81577ACA","D",0.2
"81579ACA","E",0.3
"81582ACM","F",0.5
"81586ACM","A",0.25
"81588ACM","B",0.1
"81591ACM","C",0.2
"81610AC ","D",0.3
"81618AC ","E",0.5
"81626ACM","F",0.25
"81627ACM","A",0.1
"81629ACM","B",0.2
"81631ACM","C",0.3
"81644ACM","D",0.5
"81646ACM","E",0.25
"81648ACM","F",0.1
"81654ACM","A",0.2
"81662ACM","B",0.3
"81664ACM","C",0.5
"81665ACM","D",0.25
"81677ACM","E",0.1
"81679ACM","F",0.2
"81684ACM","A",0.3
"81686ACM","B",0.5
"81689ACM","C",0.25
"81691ACM","D",0.1
"81694ACM","E",0.2
"81696ACM","F",0.3
"81697ACM","A",0.5
"81698ACM","B",0.25
"81699ACM","C",0.1
"81701ACM","D",0.2
"81702ACM","E",0.3
"81703ACM","F",0.5
"81704ACM","A",0.25
"81708ACM","B",0.1
"81709ACM","C",0.2
"81711ACM","D",0.3
"81712ACM","E",0.5
"81713ACM","F",0.25
"81714ACM","A",0.1
"81716ACM","B",0.2
"81718AC ","C",0.3
"81722ACM","D",0.5
"81723ACM","E",0.25
"81725ACM","F",0.1
"81726ACM","A",0.2
"81728ACM","B",0.3
"81729ACM","C",0.5
"81734ACM","D",0.25
"81737ACM","E",0.1
"81766ACM","F",0.2
"81767ACM","A",0.3
"81779ACA","B",0.5
"81787ACA","C",0.25
"81793ACA","D",0.1
"81794ACM","E",0.2
"81795ACM","F",0.3
"81829ACM","A",0.5
"81834AC ","B",0.25
"81839ACM","C",0.1
"81841ACM","D",0.2
"81843ACM","E",0.3
"81844ACM","F",0.5
"81846AC ","A",0.25
"81847ACM","B",0.1
"81851ACM","C",0.2
"81853ACM","D",0.3
"81861ACM","E",0.5
"81864ACM","F",0.25
"81865ACM","A",0.1
"81873ACM","B",0.2
"81874ACM","C",0.3
"81888ACM","D",0.5
"81889ACM","E",0.25
"81893ACM","F",0.1
"81898ACM","A",0.2
"81908ACM","B",0.3
"81909ACM","C",0.5
"81911ACM","D",0.25
"81913AC ","E",0.1
"81915ACM","F",0.2
"81917ACM","A",0.3
"81922ACM","B",0.5
"81924ACM","C",0.25
"81929ACM","D",0.1
"81944ACA","E",0.2
"81946ACA","F",0.3
"81947ACM","A",0.5
"81948ACM","B",0.25
"81968ACM","C",0.1
"81969ACM","D",0.2
"81975AC ","E",0.3
"81976AC ","F",0.5
"81978AC ","A",0.25
"81992AC ","B",0.1
"81993AC ","C",0.2
"81995AC ","D",0.3
"82020ACM","E",0.5
"82031ACM","F",0.25
"82032ACM","A",0.1
"82072ACM","B",0.2
"82086ACM","C",0.3
"82089ACM","D",0.5
"82092ACM","E",0.25
"82094ACM","F",0.1
"82159AC ","A",0.2
"82219ACM","B",0.3
"82222ACM","C",0.5
"82223ACM","D",0.25
"82224ACM","E",0.1
"82229ACM","F",0.2
"82231ACM","A",0.3
"82232ACM","B",0.5
"82233ACM","C",0.25
"82259ACM","D",0.1
"82277AC ","E",0.2
"82289AC ","F",0.3
"82293AC ","A",0.5
"82294ACM","B",0.25
"82296ACM","C",0.1
"82306ACM","D",0.2
"82338ACM","E",0.3
"82362ACM","F",0.5
"82364ACM","A",0.25
"82384ACM","B",0.1
"82396ACM","C",0.2
"82404ACM","D",0.3
"82407ACM","E",0.5
"82411ACM","F",0.25
"82414AC ","A",0.1
"82419ACM","B",0.2
"82423ACM","C",0.3
"82445ACM","D",0.5
"82463ACM","E",0.25
"82466ACM","F",0.1
"82467ACM","A",0.2
"82506ACM","B",0.3
"82514ACM","C",0.5
"82536ACM","D",0.25
"82542ACM","E",0.1
"82551ACM","F",0.2
"82552ACM","A",0.3
"82572AC ","B",0.5
"82581ACM","C",0.25
"82582ACM","D",0.1
"82584ACM","E",0.2
"82592ACM","F",0.3
"82629ACM","A",0.5
"82637ACM","B",0.25
"82653ACM","C",0.1
"82654ACM","D",0.2
"82669ACM","E",0.3
"82671ACM","F",0.5
"82672ACM","A",0.25
"82673ACM","B",0.1
"82682ACM","C",0.2
"82684ACM","D",0.3
"82714ACM","E",0.5
"82734ACM","F",0.25
"82747ACM","A",0.1
"82763ACM","B",0.2
"82778ACM","C",0.3
"82779ACM","D",0.5
"82781ACM","E",0.25
"82803ACM","F",0.1
"82804ACM","A",0.2
"82809AC ","B",0.3
"82831ACM","C",0.5
"82834ACM","D",0.25
"82836ACM","E",0.1
"82842ACM","F",0.2
"82845ACM","A",0.3
"82865AC ","B",0.5
"82866ACM","C",0.25
"82893ACM","D",0.1
"82894ACM","E",0.2
"82896ACM","F",0.3
"82915ACM","A",0.5
"82934ACM","B",0.25
"83016ACM","C",0.1
"83040ACM","D",0.2
"83050ACM","E",0.3
"83060ACM","F",0.5
"83073ACM","A",0.25
"83084ACM","B",0.1
"83099ACM","C",0.2
"83134ACM","D",0.3
"83137ACM","E",0.5
"83159ACM","F",0.25
"83166ACM","A",0.1
"83167ACM","B",0.2
"83173ACM","C",0.3
"83177ACM","D",0.5
"83178ACM","E",0.25
"83180ACM","F",0.1
"83253ACM","A",0.2
"83254ACM","B",0.3
"83273ACM","C",0.5
"83307ACM","D",0.25
"83311ACM","E",0.1
"83314ACM","F",0.2
"83316ACM","A",0.3
"83320ACM","B",0.5
"83321ACM","C",0.25
"83343ACM","D",0.1
"83344AC ","E",0.2
"83345ACM","F",0.3
"83369ACM","A",0.5
"83378ACM","B",0.25
"83450ACM","C",0.1
"83451ACM","D",0.2
"83475ACM","E",0.3
"83479ACM","F",0.5
"83489AC ","A",0.25
"83496ACM","B",0.1
"83498AC ","C",0.2
"83499ACM","D",0.3
"83537ACM","E",0.5
"83559ACM","F",0.25
"83572ACM","A",0.1
"83573ACM","B",0.2
"83579ACM","C",0.3
"83581ACM","D",0.5
"83603ACM","E",0.25
"83625ACM","F",0.1
"83626ACM","A",0.2
"83630ACM","B",0.3
"83637ACM","C",0.5
"83638ACM","D",0.25
"83647AC ","E",0.1
"83667ACM","F",0.2
"83668AC ","A",0.3
"83669ACM","B",0.5
"83673AC ","C",0.25
"83674AC ","D",0.1
"83675AC ","E",0.2
"83676AC ","F",0.3
"83681ACM","A",0.5
"83685ACM","B",0.25
"83686ACM","C",0.1
"83688ACM","D",0.2
"83745ACM","E",0.3
"83765ACM","F",0.5
"83775ACM","A",0.25
"83776ACM","B",0.1
"83789AC ","C",0.2
"83794AC ","D",0.3
"83800ACM","E",0.5
"83804AC ","F",0.25
"83815ACM","A",0.1
"83821ACM","B",0.2
"83823ACM","C",0.3
"83825ACM","D",0.5
"83830ACM","E",0.25
"83837ACM","F",0.1
"83840ACM","A",0.2
"83848ACM","B",0.3
"83871ACM","C",0.5
"83885ACM","D",0.25
"83886ACM","E",0.1
"83910ACM","F",0.2
"83917ACM","A",0.3
"83936ACM","B",0.5
"83957ACM","C",0.25
"83970ACM","D",0.1
"83979ACM","E",0.2
"83992ACM","F",0.3
"83996ACM","A",0.5
"84012ACM","B",0.25
"84014AC ","C",0.1
"84034ACM","D",0.2
"84037ACM","E",0.3
"84096AC ","F",0.5
"84098AC ","A",0.25
"84102AC ","B",0.1
"84104AC ","C",0.2
"84127AC ","D",0.3
"84174ACM","E",0.5
"84200ACM","F",0.25
"84205ACM","A",0.1
"84227AC ","B",0.2
"84229AC ","C",0.3
"84263ACM","D",0.5
"84301AC ","E",0.25
"84347AC ","F",0.1
"84348AC ","A",0.2
"84383ACM","B",0.3
"84415ACM","C",0.5
"84420ACM","D",0.25
"84442ACM","E",0.1
"84501ACM","F",0.2
"84503AC ","A",0.3
"84549ACM","B",0.5
"84559ACM","C",0.25
"84609ACM","D",0.1
"84619ACM","E",0.2
"84655ACM","F",0.3
"84705ACM","A",0.5
"84707ACM","B",0.25
"84733ACM","C",0.1
"84739ACM","D",0.2
"84745ACM","E",0.3
"84748ACM","F",0.5
"84751ACM","A",0.25
"84760ACM","B",0.1
"84783ACM","C",0.2
"84788ACM","D",0.3
"84842AC ","E",0.5
"84848AC ","F",0.25
"84852AC ","A",0.1
"84853AC ","B",0.2
"84859AC ","C",0.3
"84870ACM","D",0.5
"84898ACM","E",0.25
"84948ACM","F",0.1
"84979AC ","A",0.2
"84999ACM","B",0.3
"85003ACM","C",0.5
"85012ACM","D",0.25
"85037ACM","E",0.1
"85038AC ","F",0.2
"85078AC ","A",0.3
"85135ACM","B",0.5
"85162ACK","C",0.25
"85170ACM","D",0.1
"85171ACM","E",0.2
"85184AC ","F",0.3
"85228ACM","A",0.5
"85229ACM","B",0.25
"85243ACM","C",0.1
"85250ACM","D",0.2
"85268ACM","E",0.3
"85274ACM","F",0.5
"85278ACM","A",0.25
"85284ACM","B",0.1
"85286ACM","C",0.2
"85298ACM","D",0.3
"85349ACM","E",0.5
"85377ACM","F",0.25
"85379ACM","A",0.1
"85397ACM","B",0.2
"85401ACM","C",0.3
"85412AC ","D",0.5
"85413AC ","E",0.25
"85416ACM","F",0.1
"85417ACM","A",0.2
"85431ACM","B",0.3
"85440ACM","C",0.5
"85447ACM","D",0.25
"85455ACM","E",0.1
"85460ACM","F",0.2
"85462ACM","A",0.3
"85469ACM","B",0.5
"85483AC ","C",0.25
"85486ACM","D",0.1
"85488ACM","E",0.2
"85493ACM","F",0.3
"85501ACM","A",0.5
"85502ACM","B",0.25
"85520ACM","C",0.1
"85530ACM","D",0.2
"85533ACM","E",0.3
"85549ACM","F",0.5
"85554ACM","A",0.25
"85560ACM","B",0.1
"85571ACM","C",0.2
"85577ACM","D",0.3
"85584ACM","E",0.5
"85587ACM","F",0.25
"85588ACM","A",0.1
"85589ACM","B",0.2
"85601ACM","C",0.3
"85602ACM","D",0.5
"85612ACM","E",0.25
"85614ACM","F",0.1
"85615ACM","A",0.2
"85616ACM","B",0.3
"85634ACM","C",0.5
"85639ACM","D",0.25
"85640ACM","E",0.1
"85642ACM","F",0.2
"85643ACM","A",0.3
"85649ACM","B",0.5
"85673ACM","C",0.25
"85721ACM","D",0.1
"85731ACM","E",0.2
"85732ACM","F",0.3
"85733ACM","A",0.5
"85794ACM","B",0.25
"85800ACM","C",0.1
"85805ACM","D",0.2
"85810ACM","E",0.3
"85815ACM","F",0.5
"85821ACM","A",0.25
"85829ACM","B",0.1
"85923ACM","C",0.2
"85925ACM","D",0.3
"85939ACM","E",0.5
"86036AC ","F",0.25
"86037AC ","A",0.1
"86043AC ","B",0.2
"86070ACM","C",0.3
"86073ACM","D",0.5
"86075ACM","E",0.25
"86115ACM","F",0.1
"86173AC ","A",0.2
"86175AC ","B",0.3
"86177AC ","C",0.5
"86178AC ","D",0.25
"86186ACM","E",0.1
"86350ACM","F",0.2
"86353ACM","A",0.3
"86355ACM","B",0.5
"86359ACM","C",0.25
"86361ACM","D",0.1
"86401ACM","E",0.2
"86404ACM","F",0.3
"86410ACM","A",0.5
"86428AC ","B",0.25
"86433ACM","C",0.1
"86434ACM","D",0.2
"86478ACM","E",0.3
"86479ACM","F",0.5
"86501ACM","A",0.25
"86502ACM","B",0.1
"86503ACM","C",0.2
"86504ACM","D",0.3
"86505ACM","E",0.5
"86506ACM","F",0.25
"86507ACM","A",0.1
"86512ACM","B",0.2
"86515ACM","C",0.3
"86539ACM","D",0.5
"86586ACM","E",0.25
"86648ACM","F",0.1
"86653ACM","A",0.2
"86654ACM","B",0.3
"86655ACM","C",0.5
"86657ACM","D",0.25
"86660ACM","E",0.1
"86663ACM","F",0.2
"86689ACM","A",0.3
"86711ACM","B",0.5
"86714AC ","C",0.25
"86718ACM","D",0.1
"86728ACM","E",0.2
"86762ACM","F",0.3
"86764ACM","A",0.5
"86776ACM","B",0.25
"86777ACM","C",0.1
"86783ACM","D",0.2
"86802AC ","E",0.3
"86807AC ","F",0.5
"86814AC ","A",0.25
"86816AC ","B",0.1
"86833ACM","C",0.2
"86854ACM","D",0.3
"86882AC ","E",0.5
"86888AC ","F",0.25
"86935ACM","A",0.1
"86940ACM","B",0.2
"86941ACM","C",0.3
"86948ACM","D",0.5
"86951ACM","E",0.25
"86952ACM","F",0.1
"86968ACK","A",0.2
"86973ACK","B",0.3
"86976ACK","C",0.5
"86979ACK","D",0.25
"86993ACM","E",0.1
"87562ACM","F",0.2
"87563ACM","A",0.3
"87564ACM","B",0.5
"87565ACM","C",0.25
"87578AC ","D",0.1
"87579ACM","E",0.2
"87926ACM","F",0.3
"87928ACM","A",0.5
"88037ACM","B",0.25
"88144ACM","C",0.1
"88191ACM","D",0.2
"88210ACM","E",0.3
"88227ACM","F",0.5
"88228ACM","A",0.25
"88246ACM","B",0.1
"88268ACM","C",0.2
"88304ACM","D",0.3
"88311ACM","E",0.5
"88345ACM","F",0.25
"88359ACM","A",0.1
"88388ACM","B",0.2
"88394AC ","C",0.3
"88433ACM","D",0.5
"88439ACM","E",0.25
"88457ACM","F",0.1
"88490ACM","A",0.2
"88500ACM","B",0.3
"88519ACM","C",0.5
"88541ACM","D",0.25
"88542ACM","E",0.1
"88543ACM","F",0.2
"88562ACM","A",0.3
"88619ACM","B",0.5
"88620ACM","C",0.25
"88621ACM","D",0.1
"88622ACM","E",0.2
"88625ACM","F",0.3
"88660ACM","A",0.5
"88664ACM","B",0.25
"88669ACM","C",0.1
"8868DACM","D",0.2
"88685ACM","E",0.3
"88686ACM","F",0.5
"88688ACM","A",0.25
"88689ACM","B",0.1
"88690ACM","C",0.2
"88692ACM","D",0.3
"88693ACM","E",0.5
"88694ACM","F",0.25
"88695ACM","A",0.1
"88696ACM","B",0.2
"88697ACM","C",0.3
"88699ACM","D",0.5
"88894ACM","E",0.25
"88905AC ","F",0.1
"88924AC ","A",0.2
"88937AC ","B",0.3
"88939AC ","C",0.5
"88952ACM","D",0.25
"88954ACM","E",0.1
"88968ACM","F",0.2
"88969ACM","A",0.3
"88973ACM","B",0.5
"88980ACM","C",0.25
"88983ACM","D",0.1
"88986ACM","E",0.2
"88990ACM","F",0.3
"89084ACM","A",0.5
"89088ACM","B",0.25
"89095ACM","C",0.1
"89102ACM","D",0.2
"89103ACM","E",0.3
"89104ACM","F",0.5
"89105ACM","A",0.25
"89106ACM","B",0.1
"89112ACM","C",0.2
"89115ACM","D",0.3
"89128ACM","E",0.5
"89158ACM","F",0.25
"89163ACM","A",0.1
"89177ACM","B",0.2
"89183ACM","C",0.3
"89184ACM","D",0.5
"89189ACM","E",0.25
"89192ACM","F",0.1
"89193ACM","A",0.2
"89196ACM","B",0.3
"89206ACM","C",0.5
"89211AC ","D",0.25
"89227ACM","E",0.1
"89242ACM","F",0.2
"89260ACM","A",0.3
"89268ACM","B",0.5
"89288ACM","C",0.25
"89300ACM","D",0.1
"89320ACM","E",0.2
"89324ACM","F",0.3
"89325ACM","A",0.5
"89326ACM","B",0.25
"89355ACM","C",0.1
"89408AC ","D",0.2
"89415ACM","E",0.3
"89442ACM","F",0.5
"89444ACM","A",0.25
"89485ACM","B",0.1
"89505ACM","C",0.2
"89515ACM","D",0.3
"89520ACM","E",0.5
"89525ACM","F",0.25
"89529ACM","A",0.1
"89530ACM","B",0.2
"89535ACM","C",0.3
"89542ACM","D",0.5
"89546ACM","E",0.25
"89555ACM","F",0.1
"89560ACM","A",0.2
"89592ACM","B",0.3
"89594ACM","C",0.5
"89596ACM","D",0.25
"89597ACM","E",0.1
"89636ACM","F",0.2
"89644ACM","A",0.3
"89677AC ","B",0.5
"89758ACM","C",0.25
"89759ACM","D",0.1
"89802ACM","E",0.2
"89869ACM","F",0.3
"89870ACM","A",0.5
"89888ACM","B",0.25
"89889ACM","C",0.1
"89891ACM","D",0.2
"89892ACM","E",0.3
"89896ACM","F",0.5
"89897ACM","A",0.25
"89900ACM","B",0.1
"89917ACM","C",0.2
"89955ACM","D",0.3
"89956ACM","E",0.5
"90134ACM","F",0.25
"90157ACD","A",0.1
"90165ACD","B",0.2
"90169ACD","C",0.3
"90171ACD","D",0.5
"90175ACD","E",0.25
"90178ACD","F",0.1
"90182ACD","A",0.2
"90183ACD","B",0.3
"90191ACD","C",0.5
"90193ACD","D",0.25
"90194ACD","E",0.1
"90199ACD","F",0.2
"90201ACD","A",0.3
"90203ACD","B",0.5
"90204ACD","C",0.25
"90207ACD","D",0.1
"90214ACM","E",0.2
"90217ACM","F",0.3
"90236ACD","A",0.5
"90238ACD","B",0.25
"90239ACD","C",0.1
"90243ACD","D",0.2
"90244ACD","E",0.3
"90245ACD","F",0.5
"90246ACD","A",0.25
"90250ACD","B",0.1
"90267ACD","C",0.2
"90268ACD","D",0.3
"90269ACD","E",0.5
"90270ACD","F",0.25
"90278ACM","A",0.1
"90296ACM","B",0.2
"90311ACM","C",0.3
"90317ACM","D",0.5
"90318ACM","E",0.25
"90337ACM","F",0.1
"90339ACM","A",0.2
"90341ACM","B",0.3
"90352ACM","C",0.5
"90361ACM","D",0.25
"90403ACM","E",0.1
"90500ACM","F",0.2
"90526ACM","A",0.3
"90560ACM","B",0.5
"90613ACM","C",0.25
"90618ACM","D",0.1
"90632ACD","E",0.2
"90639ACD","F",0.3
"90640ACD","A",0.5
"90641ACD","B",0.25
"90721ACM","C",0.1
"90724ACM","D",0.2
"90730ACM","E",0.3
"90740ACM","F",0.5
"90765ACM","A",0.25
"90778ACM","B",0.1
"90790ACM","C",0.2
"90821ACM","D",0.3
"90827ACM","E",0.5
"90829ACM","F",0.25
"90838ACM","A",0.1
"90932ACM","B",0.2
"91017AC ","C",0.3
"91064AC ","D",0.5
"91065AC ","E",0.25
"91066AC ","F",0.1
"91085ACM","A",0.2
"91094ACM","B",0.3
"91103ACM","C",0.5
"91125ACM","D",0.25
"91161ACM","E",0.1
"91173ACM","F",0.2
"91174ACD","A",0.3
"91175ACD","B",0.5
"91176ACD","C",0.25
"91177ACD","D",0.1
"91178ACD","E",0.2
"91180ACD","F",0.3
"91182ACD","A",0.5
"91195ACM","B",0.25
"91210ACD","C",0.1
"91219ACM","D",0.2
"91237ACD","E",0.3
"91240ACD","F",0.5
"91257ACM","A",0.25
"91272ACM","B",0.1
"91273ACM","C",0.2
"91274ACM","D",0.3
"91292ACM","E",0.5
"91293ACM","F",0.25
"91297ACM","A",0.1
"91333ACM","B",0.2
"91336ACM","C",0.3
"91353ACM","D",0.5
"91355ACM","E",0.25
"91376ACM","F",0.1
"91383ACM","A",0.2
"91388ACM","B",0.3
"91391AC ","C",0.5
"91396ACM","D",0.25
"91399ACM","E",0.1
"91403ACM","F",0.2
"91404ACM","A",0.3
"91406ACM","B",0.5
"91408ACM","C",0.25
"91426ACM","D",0.1
"91427ACM","E",0.2
"91432ACD","F",0.3
"91436AC ","A",0.5
"91438ACM","B",0.25
"91439ACM","C",0.1
"91443ACM","D",0.2
"91447ACM","E",0.3
"91453ACM","F",0.5
"91455ACD","A",0.25
"91461ACD","B",0.1
"91462AC ","C",0.2
"91465ACM","D",0.3
"91475ACM","E",0.5
"91482ACM","F",0.25
"91490ACM","A",0.1
"91492AC ","B",0.2
"91499AC ","C",0.3
"91501ACM","D",0.5
"91502ACD","E",0.25
"91511ACM","F",0.1
"91513ACM","A",0.2
"91514ACM","B",0.3
"91515ACM","C",0.5
"91517AC ","D",0.25
"91521AC ","E",0.1
"91522AC ","F",0.2
"91523AC ","A",0.3
"91540ACM","B",0.5
"91546ACM","C",0.25
"91547ACM","D",0.1
"91548ACM","E",0.2
"91556ACM","F",0.3
"91562ACM","A",0.5
"91564ACM","B",0.25
"91565ACM","C",0.1
"91567ACM","D",0.2
"91568ACM","E",0.3
"91569ACM","F",0.5
"91577ACM","A",0.25
"91581AC ","B",0.1
"91582AC ","C",0.2
"91583AC ","D",0.3
"91617ACM","E",0.5
"91619ACM","F",0.25
"91641ACA","A",0.1
"91656ACM","B",0.2
"91663ACD","C",0.3
"91685AC ","D",0.5
"91686AC ","E",0.25
"91696ACM","F",0.1
"91697AC ","A",0.2
"91951ACM","B",0.3
"91952ACM","C",0.5
"91953ACM","D",0.25
"91955ACM","E",0.1
"91956ACM","F",0.2
"92006AC ","A",0.3
"92039ACA","B",0.5
"92058ACM","C",0.25
"92059ACM","D",0.1
"92064ACM","E",0.2
"92065ACM","F",0.3
"92067ACM","A",0.5
"92068ACM","B",0.25
"92071ACM","C",0.1
"92072ACM","D",0.2
"92073ACM","E",0.3
"92080AC ","F",0.5
"92087ACM","A",0.25
"92089ACM","B",0.1
"92099AC ","C",0.2
"92156ACM","D",0.3
"92163ACM","E",0.5
"92164ACM","F",0.25
"92166ACM","A",0.1
"92167ACM","B",0.2
"92169ACM","C",0.3
"92190ACM","D",0.5
"92192ACM","E",0.25
"92193ACM","F",0.1
"92194ACM","A",0.2
"92201AC ","B",0.3
"92291ACM","C",0.5
"92378ACN","D",0.25
"92440AC ","E",0.1
"92442AC ","F",0.2
"92444AC ","A",0.3
"92445AC ","B",0.5
"92448AC ","C",0.25
"92451AC ","D",0.1
"92455AC ","E",0.2
"92456AC ","F",0.3
"92457AC ","A",0.5
"92458AC ","B",0.25
"92505AC ","C",0.1
"92514AC ","D",0.2
"92516AC ","E",0.3
"92521AC ","F",0.5
"92528ACM","A",0.25
"92558AC ","B",0.1
"92571ACM","C",0.2
"92575ACM","D",0.3
"92612ACM","E",0.5
"92675ACM","F",0.25
"92798AC ","A",0.1
"92799ACM","B",0.2
"92820ACK","C",0.3
"92845ACK","D",0.5
"92856ACK","E",0.25
"92860ACK","F",0.1
"92867ACK","A",0.2
"92868ACK","B",0.3
"92869ACK","C",0.5
"92870ACK","D",0.25
"92874ACK","E",0.1
"92875ACK","F",0.2
"92876ACK","A",0.3
"92893ACM","B",0.5
"92896ACM","C",0.25
"92897ACK","D",0.1
"92899ACM","E",0.2
"92938ACM","F",0.3
"92965ACM","A",0.5
"93005ACM","B",0.25
"93076ACM","C",0.1
"93199ACM","D",0.2
"93209ACM","E",0.3
"93223ACM","F",0.5
"93237ACM","A",0.25
"93256ACM","B",0.1
"93259ACM","C",0.2
"93419ACA","D",0.3
"93445ACM","E",0.5
"93447ACM","F",0.25
"93451ACM","A",0.1
"93459ACM","B",0.2
"93460ACM","C",0.3
"93463ACM","D",0.5
"93575ACM","E",0.25
"93641ACM","F",0.1
"93686ACM","A",0.2
"93687ACM","B",0.3
"93688ACM","C",0.5
"93689ACM","D",0.25
"93782ACM","E",0.1
"93783ACM","F",0.2
"93842AC ","A",0.3
"93844AC ","B",0.5
"93861AC ","C",0.25
"93875ACM","D",0.1
"93877ACM","E",0.2
"93881AC ","F",0.3
"93942ACA","A",0.5
"93988ACN","B",0.25
"93997ACN","C",0.1
"93998ACN","D",0.2
"94002AC ","E",0.3
"94003ACM","F",0.5
"94138ACM","A",0.25
"94152ACM","B",0.1
"94172ACM","C",0.2
"94174ACM","D",0.3
"94176ACM","E",0.5
"94183ACM","F",0.25
"94232ACM","A",0.1
"94233ACM","B",0.2
"94237ACM","C",0.3
"94241ACM","D",0.5
"94242ACM","E",0.25
"94244ACM","F",0.1
"94256ACM","A",0.2
"94291ACM","B",0.3
"94292ACM","C",0.5
"94293ACM","D",0.25
"94294ACM","E",0.1
"94317ACM","F",0.2
"94319ACM","A",0.3
"94349ACM","B",0.5
"94353ACM","C",0.25
"94356ACM","D",0.1
"94377ACM","E",0.2
"94484ACM","F",0.3
"94508AC ","A",0.5
"94521ACM","B",0.25
"94525ACM","C",0.1
"94528ACM","D",0.2
"94531ACM","E",0.3
"94545ACM","F",0.5
"94546ACM","A",0.25
"94562AC ","B",0.1
"94563AC ","C",0.2
"94567ACM","D",0.3
"94579ACM","E",0.5
"94603ACM","F",0.25
"94610ACM","A",0.1
"94614ACA","B",0.2
"94615ACM","C",0.3
"94623AC ","D",0.5
"94650ACM","E",0.25
"94668ACM","F",0.1
"94775ACM","A",0.2
"94814ACM","B",0.3
"94826AC ","C",0.5
"94827AC ","D",0.25
"94828AC ","E",0.1
"94832AC ","F",0.2
"94833AC ","A",0.3
"95004ACM","B",0.5
"95007ACM","C",0.25
"95013ACM","D",0.1
"95014ACM","E",0.2
"95018ACM","F",0.3
"95022ACM","A",0.5
"95032ACM","B",0.25
"95034ACM","C",0.1
"95044ACM","D",0.2
"95045ACM","E",0.3
"95046ACM","F",0.5
"95116ACD","A",0.25
"95117ACD","B",0.1
"95118ACD","C",0.2
"95120ACD","D",0.3
"95123ACD","E",0.5
"95229ACM","F",0.25
"95235ACM","A",0.1
"95273ACM","B",0.2
"95280ACD","C",0.3
"95281ACD","D",0.5
"95285ACD","E",0.25
"95288ACD","F",0.1
"95289ACD","A",0.2
"95305ACM","B",0.3
"95325ACM","C",0.5
"95339ACM","D",0.25
"95381ACM","E",0.1
"95436ACM","F",0.2
"95474ACD","A",0.3
"95496ACD","B",0.5
"95600ACM","C",0.25
"95610ACM","D",0.1
"95612ACM","E",0.2
"95613ACM","F",0.3
"95667ACM","A",0.5
"95668AC ","B",0.25
"95670ACM","C",0.1
"95671ACM","D",0.2
"95672AC ","E",0.3
"95673AC ","F",0.5
"95674AC ","A",0.25
"95693AC ","B",0.1
"95701AC ","C",0.2
"95775ACD","D",0.3
"96193ACM","E",0.5
"96194ACM","F",0.25
"96196ACM","A",0.1
"96197ACM","B",0.2
"96211ACM","C",0.3
"96284ACM","D",0.5
"96286ACM","E",0.25
"96371AC ","F",0.1
"96372AC ","A",0.2
"96373ACM","B",0.3
"96400ACM","C",0.5
"96403ACM","D",0.25
"96404ACM","E",0.1
"96406ACM","F",0.2
"96407ACM","A",0.3
"96411ACM","B",0.5
"96413ACM","C",0.25
"96419ACM","D",0.1
"96422ACM","E",0.2
"96427ACM","F",0.3
"96431ACM","A",0.5
"96448ACM","B",0.25
"96459ACM","C",0.1
"96495ACM","D",0.2
"96513ACM","E",0.3
"96533ACM","F",0.5
"96537ACM","A",0.25
"96538ACM","B",0.1
"96544ACM","C",0.2
"96545ACM","D",0.3
"96557ACM","E",0.5
"96562ACM","F",0.25
"96600ACM","A",0.1
"96601ACM","B",0.2
"96684ACM","C",0.3
"96692ACM","D",0.5
"96724ACM","E",0.25
"96726ACM","F",0.1
"96757ACM","A",0.2
"96773ACM","B",0.3
"96788ACM","C",0.5
"96797ACM","D",0.25
"96811ACM","E",0.1
"96816ACM","F",0.2
"96821ACM","A",0.3
"96826ACM","B",0.5
"96857ACM","C",0.25
"96861ACM","D",0.1
"96907AC ","E",0.2
"96938ACM","F",0.3
"96962ACM","A",0.5
"97002ACM","B",0.25
"97007ACM","C",0.1
"97010AC ","D",0.2
"97017ACM","E",0.3
"97026ACM","F",0.5
"97028ACM","A",0.25
"97030ACM","B",0.1
"97031ACM","C",0.2
"97032ACM","D",0.3
"97035ACM","E",0.5
"97037ACM","F",0.25
"97038AC ","A",0.1
"97049ACM","B",0.2
"97059ACM","C",0.3
"97065ACM","D",0.5
"97093ACM","E",0.25
"97114ACM","F",0.1
"97126ACM","A",0.2
"97134AC ","B",0.3
"97137AC ","C",0.5
"97138ACM","D",0.25
"97139ACM","E",0.1
"97142ACM","F",0.2
"97153ACM","A",0.3
"97174ACM","B",0.5
"97178ACM","C",0.25
"97194ACM","D",0.1
"97200ACM","E",0.2
"97202ACM","F",0.3
"97203ACM","A",0.5
"97204ACM","B",0.25
"97205ACM","C",0.1
"97211ACM","D",0.2
"97212ACM","E",0.3
"97217ACM","F",0.5
"97220AC ","A",0.25
"97225AC ","B",0.1
"97226ACM","C",0.2
"97238ACM","D",0.3
"97240ACM","E",0.5
"97241ACM","F",0.25
"97242ACM","A",0.1
"97243ACM","B",0.2
"97244ACM","C",0.3
"97245ACM","D",0.5
"97246ACM","E",0.25
"97275ACM","F",0.1
"97276ACM","A",0.2
"97312AC ","B",0.3
"97313ACM","C",0.5
"97329AC ","D",0.25
"97333AC ","E",0.1
"97446ACM","F",0.2
"97518ACM","A",0.3
"97519ACM","B",0.5
"97529ACM","C",0.25
"97553ACM","D",0.1
"97559ACM","E",0.2
"97563ACM","F",0.3
"97616AC ","A",0.5
"97618ACM","B",0.25
"97740ACM","C",0.1
"97780ACN","D",0.2
"97781ACN","E",0.3
"97895ACM","F",0.5
"98040ACM","A",0.25
"98041ACM","B",0.1
"98050ACM","C",0.2
"98068AC ","D",0.3
"98078ACN","E",0.5
"98083ACN","F",0.25
"98090ACM","A",0.1
"98123ACM","B",0.2
"98281ACM","C",0.3
"98290ACN","D",0.5
"98313ACM","E",0.25
"98316ACM","F",0.1
"98318ACM","A",0.2
"98322ACM","B",0.3
"98324ACM","C",0.5
"98327ACM","D",0.25
"98336ACM","E",0.1
"98337ACM","F",0.2
"98341ACM","A",0.3
"98342ACM","B",0.5
"98347ACM","C",0.25
"98348ACA","D",0.1
"98349ACM","E",0.2
"98350AC ","F",0.3
"98357ACM","A",0.5
"98454ACM","B",0.25
"98456ACM","C",0.1
"98458ACM","D",0.2
"98490ACM","E",0.3
"98492ACM","F",0.5
"98493ACM","A",0.25
"98494ACM","B",0.1
"98582ACN","C",0.2
"98604ACM","D",0.3
"98627ACM","E",0.5
"98636ACM","F",0.25
"98672ACM","A",0.1
"98940AC ","B",0.2
"98941AC ","C",0.3
"98942AC ","D",0.5
"98944AC ","E",0.25
"98946AC ","F",0.1
"98947AC ","A",0.2
"98948AC ","B",0.3
"98949AC ","C",0.5
"98950AC ","D",0.25
"98951AC ","E",0.1
"98952AC ","F",0.2
"99022ACN","A",0.3
"99048ACM","B",0.5
"99067AC ","C",0.25
"99102AC ","D",0.1
"99103AC ","E",0.2
"99104AC ","F",0.3
"99129AC ","A",0.5
"99130AC ","B",0.25
"99141AC ","C",0.1
"99142AC ","D",0.2
"99147AC ","E",0.3
"99148AC ","F",0.5
"99149AC ","A",0.25
"99181AC ","B",0.1
"99182AC ","C",0.2
"99183AC ","D",0.3
"99184AC ","E",0.5
"99186AC ","F",0.25
"99193AC ","A",0.1
"99194AC ","B",0.2
"99195AC ","C",0.3
"99197AC ","D",0.5
"99223AC ","E",0.25
"99224AC ","F",0.1
"99252AC ","A",0.2
"99293ACM","B",0.3
"99302AC ","C",0.5
"99306ACM","D",0.25
"99307AC ","E",0.1
"99371AC ","F",0.2
"99372AC ","A",0.3
"99374AC ","B",0.5
"99375AC ","C",0.25
"99387AC ","D",0.1
"99388AC ","E",0.2
"99389AC ","F",0.3
"99440ACM","A",0.5
"99442ACM","B",0.25
"99531AC ","C",0.1
"99532AC ","D",0.2
"99533AC ","E",0.3
"99534AC ","F",0.5
"99536AC ","A",0.25
"99538AC ","B",0.1
"99539AC ","C",0.2
"99591AC ","D",0.3
"99597AC ","E",0.5
"99631ACM","F",0.25
"99632ACM","A",0.1
"99638ACM","B",0.2
"99639ACM","C",0.3
"99647ACM","D",0.5
"99686ACM","E",0.25
"99689ACM","F",0.1
"99693ACM","A",0.2
"99694ACM","B",0.3
"99697AC ","C",0.5
"99705ACM","D",0.25
"99708ACM","E",0.1
"99716ACM","F",0.2
"99717ACM","A",0.3
"99726ACM","B",0.5
"99799ACM","C",0.25
"99811ACM","D",0.1
"99812ACA","E",0.2
"99864ACM","F",0.3
"99865ACM","A",0.5
"99866ACM","B",0.25
"99867ACM","C",0.1
"99868ACA","D",0.2
"99880ACM","E",0.3
"99917ACM","F",0.5
"99930ACM","A",0.25
"99932ACM","B",0.1
"99946ACM","C",0.2
"99962ACM","D",0.3
"99968ACM","E",0.5
"99969ACM","F",0.25
"99973ACM","A",0.1
"99987ACM","B",0.2
"99989ACM","C",0.3
"99991ACM","D",0.5
"99993ACM","E",0.25
