EE505AC ,A,0.5,Flat
ES456ACM,B,0.5,Platform
ES802ACM,C,0.25,Stepped
ES807AC ,D,0.1,Flat
ES991ACM,E,0.2,Platform
30003ACM,F,0.3,Stepped
30026ACM,A,0.5,Flat
30044ACM,B,0.25,Platform
30067AC ,C,0.1,Stepped
30083ACM,D,0.2,Flat
30160AC ,E,0.3,Platform
30178AC ,F,0.5,Stepped
30179AC ,A,0.25,Flat
30208ACM,B,0.1,Platform
30220ACM,C,0.2,Stepped
30274AC ,D,0.3,Flat
30281AC ,E,0.5,Platform
30284AC ,F,0.25,Stepped
30299AC ,A,0.1,Flat
30316AC ,B,0.2,Platform
30317ACM,C,0.3,Stepped
30319ACM,D,0.5,Flat
30321ACA,E,0.25,Platform
30322AC ,F,0.1,Stepped
30421ACM,A,0.2,Flat
30441ACM,B,0.3,Platform
30464ACM,C,0.5,Stepped
30468ACM,D,0.25,Flat
30469ACM,E,0.1,Platform
30473ACM,F,0.2,Stepped
30477AC ,A,0.3,Flat
30481ACM,B,0.5,Platform
30483AC ,C,0.25,Stepped
30493AC ,D,0.1,Flat
30494AC ,E,0.2,Platform
30496AC ,F,0.3,Stepped
30532AC ,A,0.5,Flat
30536AC ,B,0.25,Platform
30543AC ,C,0.1,Stepped
30552AC ,D,0.2,Flat
30559AC ,E,0.3,Platform
30574ACM,F,0.5,Stepped
30575ACM,A,0.25,Flat
30580ACM,B,0.1,Platform
30581ACM,C,0.2,Stepped
30582ACM,D,0.3,Flat
30583ACM,E,0.5,Platform
30591ACM,F,0.25,Stepped
30601AC ,A,0.1,Flat
30606AC ,B,0.2,Platform
30608AC ,C,0.3,Stepped
30614ACA,D,0.5,Flat
30619AC ,E,0.25,Platform
30621AC ,F,0.1,Stepped
30622AC ,A,0.2,Flat
30624AC ,B,0.3,Platform
30629ACM,C,0.5,Stepped
30631ACM,D,0.25,Flat
30651ACM,E,0.1,Platform
30653ACM,F,0.2,Stepped
30658ACM,A,0.3,Flat
30659ACM,B,0.5,Platform
30676AC ,C,0.25,Stepped
30677AC ,D,0.1,Flat
30678AC ,E,0.2,Platform
30679AC ,F,0.3,Stepped
30682AC ,A,0.5,Flat
30702AC ,B,0.25,Platform
30703AC ,C,0.1,Stepped
30704AC ,D,0.2,Flat
30706AC ,E,0.3,Platform
30813AC ,F,0.5,Stepped
30993AC ,A,0.25,Flat
31004AC ,B,0.1,Platform
31007AC ,C,0.2,Stepped
31008AC ,D,0.3,Flat
31009AC ,E,0.5,Platform
31026AC ,F,0.25,Stepped
31031AC ,A,0.1,Flat
31061ACM,B,0.2,Platform
31065ACM,C,0.3,Stepped
31109AC ,D,0.5,Flat
31159AC ,E,0.25,Platform
31161ACM,F,0.1,Stepped
31208ACM,A,0.2,Flat
31223ACM,B,0.3,Platform
31225ACM,C,0.5,Stepped
31230ACM,D,0.25,Flat
31234ACM,E,0.1,Platform
31235ACM,F,0.2,Stepped
31236ACM,A,0.3,Flat
31238ACM,B,0.5,Platform
31239ACM,C,0.25,Stepped
31251ACM,D,0.1,Flat
31252ACM,E,0.2,Platform
31453ACM,F,0.3,Stepped
31456AC ,A,0.5,Flat
31462ACM,B,0.25,Platform
31468ACM,C,0.1,Stepped
31502ACM,D,0.2,Flat
31552ACM,E,0.3,Platform
31554ACM,F,0.5,Stepped
31563ACM,A,0.25,Flat
31564ACM,B,0.1,Platform
31589ACM,C,0.2,Stepped
31593ACM,D,0.3,Flat
31626ACM,E,0.5,Platform
31627ACM,F,0.25,Stepped
31644ACM,A,0.1,Flat
31646ACM,B,0.2,Platform
31685ACN,C,0.3,Stepped
31686ACN,D,0.5,Flat
31700ACN,E,0.25,Platform
31702ACN,F,0.1,Stepped
31704ACM,A,0.2,Flat
31721AC ,B,0.3,Platform
31725AC ,C,0.5,Stepped
31727AC ,D,0.25,Flat
31729ACM,E,0.1,Platform
31733AC ,F,0.2,Stepped
31736ACM,A,0.3,Flat
31741AC ,B,0.5,Platform
31743AC ,C,0.25,Stepped
31752AC ,D,0.1,Flat
31754AC ,E,0.2,Platform
31756AC ,F,0.3,Stepped
31763AC ,A,0.5,Flat
31764AC ,B,0.25,Platform
31766AC ,C,0.1,Stepped
31767AC ,D,0.2,Flat
31769AC ,E,0.3,Platform
31770AC ,F,0.5,Stepped
31771AC ,A,0.25,Flat
31772AC ,B,0.1,Platform
31773AC ,C,0.2,Stepped
31805AC ,D,0.3,Flat
31806AC ,E,0.5,Platform
31824AC ,F,0.25,Stepped
31834AC ,A,0.1,Flat
31838AC ,B,0.2,Platform
31839AC ,C,0.3,Stepped
31862AC ,D,0.5,Flat
31887AC ,E,0.25,Platform
31894AC ,F,0.1,Stepped
31904ACM,A,0.2,Flat
31907AC ,B,0.3,Platform
31908AC ,C,0.5,Stepped
31912AC ,D,0.25,Flat
31913AC ,E,0.1,Platform
31914AC ,F,0.2,Stepped
31915AC ,A,0.3,Flat
31916AC ,B,0.5,Platform
31919AC ,C,0.25,Stepped
31930AC ,D,0.1,Flat
31931AC ,E,0.2,Platform
31932AC ,F,0.3,Stepped
31933AC ,A,0.5,Flat
31934AC ,B,0.25,Platform
31945AC ,C,0.1,Stepped
31959ACM,D,0.2,Flat
31962ACM,E,0.3,Platform
32004ACM,F,0.5,Stepped
32041ACM,A,0.25,Flat
32055ACM,B,0.1,Platform
32062ACA,C,0.2,Stepped
32063ACA,D,0.3,Flat
32065ACA,E,0.5,Platform
32066ACA,F,0.25,Stepped
32071ACA,A,0.1,Flat
32072ACA,B,0.2,Platform
32073ACA,C,0.3,Stepped
32074ACA,D,0.5,Flat
32077ACA,E,0.25,Platform
32086ACA,F,0.1,Stepped
32087ACA,A,0.2,Flat
32094ACA,B,0.3,Platform
32099ACA,C,0.5,Stepped
32104ACM,D,0.25,Flat
32105ACA,E,0.1,Platform
32225AC ,F,0.2,Stepped
32235ACA,A,0.3,Flat
32249AC ,B,0.5,Platform
32250AC ,C,0.25,Stepped
32258ACM,D,0.1,Flat
32301ACM,E,0.2,Platform
32303ACM,F,0.3,Stepped
32312AC ,A,0.5,Flat
3233DAC ,B,0.25,Platform
32378ACM,C,0.1,Stepped
32379ACM,D,0.2,Flat
32389ACM,E,0.3,Platform
32520ACM,F,0.5,Stepped
32525AC ,A,0.25,Flat
32526AC ,B,0.1,Platform
32529AC ,C,0.2,Stepped
32538AC ,D,0.3,Flat
32542AC ,E,0.5,Platform
32543AC ,F,0.25,Stepped
32545AC ,A,0.1,Flat
32547AC ,B,0.2,Platform
32582AC ,C,0.3,Stepped
32628AC ,D,0.5,Flat
32630ACM,E,0.25,Platform
32637ACM,F,0.1,Stepped
32654ACM,A,0.2,Flat
32655ACM,B,0.3,Platform
32656ACM,C,0.5,Stepped
32657ACM,D,0.25,Flat
32661ACM,E,0.1,Platform
32671ACM,F,0.2,Stepped
32686ACM,A,0.3,Flat
32687ACM,B,0.5,Platform
32688ACA,C,0.25,Stepped
32693ACA,D,0.1,Flat
32695AC ,E,0.2,Platform
32708ACM,F,0.3,Stepped
32712ACM,A,0.5,Flat
32713ACM,B,0.25,Platform
32716ACM,C,0.1,Stepped
32786ACM,D,0.2,Flat
32788ACM,E,0.3,Platform
33092AC ,F,0.5,Stepped
33093AC ,A,0.25,Flat
33094AC ,B,0.1,Platform
33095AC ,C,0.2,Stepped
33096AC ,D,0.3,Flat
33099AC ,E,0.5,Platform
33106ACM,F,0.25,Stepped
33122ACM,A,0.1,Flat
33124ACM,B,0.2,Platform
33132AC ,C,0.3,Stepped
33136ACM,D,0.5,Flat
33148ACM,E,0.25,Platform
33161ACM,F,0.1,Stepped
33162ACM,A,0.2,Flat
33170AC ,B,0.3,Platform
33171AC ,C,0.5,Stepped
33189AC ,D,0.25,Flat
33224ACM,E,0.1,Platform
33226ACM,F,0.2,Stepped
33227AC ,A,0.3,Flat
33263ACM,B,0.5,Platform
33273ACM,C,0.25,Stepped
33326AC ,D,0.1,Flat
33329ACM,E,0.2,Platform
33332ACM,F,0.3,Stepped
33369AC ,A,0.5,Flat
33377ACM,B,0.25,Platform
33393ACA,C,0.1,Stepped
33395ACA,D,0.2,Flat
33403ACM,E,0.3,Platform
33407ACM,F,0.5,Stepped
33408ACM,A,0.25,Flat
33422ACM,B,0.1,Platform
33429ACM,C,0.2,Stepped
33454ACM,D,0.3,Flat
33456ACM,E,0.5,Platform
33478ACM,F,0.25,Stepped
33481ACM,A,0.1,Flat
33555ACM,B,0.2,Platform
33578AC ,C,0.3,Stepped
33584AC ,D,0.5,Flat
33585AC ,E,0.25,Platform
33602ACM,F,0.1,Stepped
33615ACM,A,0.2,Flat
33618ACM,B,0.3,Platform
33619ACM,C,0.5,Stepped
33620ACM,D,0.25,Flat
33621ACM,E,0.1,Platform
33622ACM,F,0.2,Stepped
33627ACM,A,0.3,Flat
33628ACM,B,0.5,Platform
33631ACM,C,0.25,Stepped
33638ACM,D,0.1,Flat
33662ACM,E,0.2,Platform
33664ACM,F,0.3,Stepped
33666ACM,A,0.5,Flat
33678ACM,B,0.25,Platform
33681ACM,C,0.1,Stepped
33682ACM,D,0.2,Flat
33684ACM,E,0.3,Platform
33685ACM,F,0.5,Stepped
33689ACM,A,0.25,Flat
33731ACM,B,0.1,Platform
33746ACM,C,0.2,Stepped
33770AC ,D,0.3,Flat
33771AC ,E,0.5,Platform
33814ACM,F,0.25,Stepped
33819ACM,A,0.1,Flat
33821AC ,B,0.2,Platform
33822AC ,C,0.3,Stepped
33823AC ,D,0.5,Flat
33829AC ,E,0.25,Platform
33835ACM,F,0.1,Stepped
33837AC ,A,0.2,Flat
33852AC ,B,0.3,Platform
33866ACM,C,0.5,Stepped
33867ACM,D,0.25,Flat
33868ACM,E,0.1,Platform
33875ACA,F,0.2,Stepped
33885AC ,A,0.3,Flat
33892ACM,B,0.5,Platform
33968ACM,C,0.25,Stepped
33984ACM,D,0.1,Flat
33987ACM,E,0.2,Platform
34002AC ,F,0.3,Stepped
34005ACM,A,0.5,Flat
34034ACM,B,0.25,Platform
34105ACM,C,0.1,Stepped
34111ACM,D,0.2,Flat
34115ACM,E,0.3,Platform
34116ACM,F,0.5,Stepped
34117ACM,A,0.25,Flat
34137AC ,B,0.1,Platform
34141ACM,C,0.2,Stepped
34144ACM,D,0.3,Flat
34149AC ,E,0.5,Platform
34153ACM,F,0.25,Stepped
34154ACM,A,0.1,Flat
34156ACM,B,0.2,Platform
34162ACM,C,0.3,Stepped
34167ACM,D,0.5,Flat
34183AC ,E,0.25,Platform
34209ACM,F,0.1,Stepped
34212ACM,A,0.2,Flat
34213ACM,B,0.3,Platform
34216ACM,C,0.5,Stepped
34217ACM,D,0.25,Flat
34218ACM,E,0.1,Platform
34219ACM,F,0.2,Stepped
34223ACM,A,0.3,Flat
34224ACM,B,0.5,Platform
34234AC ,C,0.25,Stepped
34239AC ,D,0.1,Flat
34244ACM,E,0.2,Platform
34247AC ,F,0.3,Stepped
34257ACM,A,0.5,Flat
34261AC ,B,0.25,Platform
34263ACM,C,0.1,Stepped
34265AC ,D,0.2,Flat
34266AC ,E,0.3,Platform
34269AC ,F,0.5,Stepped
34329ACA,A,0.25,Flat
34387ACM,B,0.1,Platform
34423ACM,C,0.2,Stepped
34437ACM,D,0.3,Flat
34439ACM,E,0.5,Platform
34449ACM,F,0.25,Stepped
34466AC ,A,0.1,Flat
34467AC ,B,0.2,Platform
34483ACM,C,0.3,Stepped
34488AC ,D,0.5,Flat
34491AC ,E,0.25,Platform
34521AC ,F,0.1,Stepped
34527AC ,A,0.2,Flat
34528AC ,B,0.3,Platform
34549ACM,C,0.5,Stepped
34576ACM,D,0.25,Flat
34578ACM,E,0.1,Platform
34579ACM,F,0.2,Stepped
34597ACM,A,0.3,Flat
34598ACM,B,0.5,Platform
34607ACM,C,0.25,Stepped
34645ACM,D,0.1,Flat
34674ACM,E,0.2,Platform
34677ACM,F,0.3,Stepped
34690ACM,A,0.5,Flat
34719ACM,B,0.25,Platform
34727AC ,C,0.1,Stepped
34734AC ,D,0.2,Flat
34740ACM,E,0.3,Platform
34741ACM,F,0.5,Stepped
34742ACM,A,0.25,Flat
34743ACM,B,0.1,Platform
34755ACM,C,0.2,Stepped
34764ACM,D,0.3,Flat
34765ACM,E,0.5,Platform
34770ACM,F,0.25,Stepped
34773ACM,A,0.1,Flat
34777AC ,B,0.2,Platform
34786ACM,C,0.3,Stepped
34788ACM,D,0.5,Flat
34795AC ,E,0.25,Platform
34796AC ,F,0.1,Stepped
34842AC ,A,0.2,Flat
34855ACM,B,0.3,Platform
34856ACM,C,0.5,Stepped
34871ACM,D,0.25,Flat
34872ACM,E,0.1,Platform
34900ACM,F,0.2,Stepped
34903ACM,A,0.3,Flat
34906ACM,B,0.5,Platform
34911ACM,C,0.25,Stepped
34918ACM,D,0.1,Flat
35002ACM,E,0.2,Platform
35004ACM,F,0.3,Stepped
35005ACM,A,0.5,Flat
35007ACM,B,0.25,Platform
35008ACM,C,0.1,Stepped
35017ACM,D,0.2,Flat
35036ACM,E,0.3,Platform
35038ACM,F,0.5,Stepped
3506DACM,A,0.25,Flat
35082ACM,B,0.1,Platform
35084ACM,C,0.2,Stepped
35085ACM,D,0.3,Flat
35098ACM,E,0.5,Platform
35115ACM,F,0.25,Stepped
35119ACM,A,0.1,Flat
35123ACM,B,0.2,Platform
35125ACM,C,0.3,Stepped
35126ACM,D,0.5,Flat
35140ACM,E,0.25,Platform
35142ACM,F,0.1,Stepped
35152ACM,A,0.2,Flat
35154ACM,B,0.3,Platform
35155ACM,C,0.5,Stepped
35159ACM,D,0.25,Flat
35169ACM,E,0.1,Platform
35171ACM,F,0.2,Stepped
35174ACM,A,0.3,Flat
35175ACM,B,0.5,Platform
35177ACM,C,0.25,Stepped
35181ACM,D,0.1,Flat
35212ACM,E,0.2,Platform
35244ACM,F,0.3,Stepped
35259ACM,A,0.5,Flat
35275ACM,B,0.25,Platform
35313ACM,C,0.1,Stepped
35327ACM,D,0.2,Flat
35328ACM,E,0.3,Platform
35332ACM,F,0.5,Stepped
35347ACM,A,0.25,Flat
35351ACM,B,0.1,Platform
35360ACM,C,0.2,Stepped
35364ACM,D,0.3,Flat
35365ACM,E,0.5,Platform
35378ACM,F,0.25,Stepped
35418ACM,A,0.1,Flat
35451ACM,B,0.2,Platform
35464ACM,C,0.3,Stepped
35469ACM,D,0.5,Flat
35481ACM,E,0.25,Platform
35484ACM,F,0.1,Stepped
35485ACM,A,0.2,Flat
35487ACM,B,0.3,Platform
35488ACM,C,0.5,Stepped
35607ACM,D,0.25,Flat
35874ACM,E,0.1,Platform
35875ACM,F,0.2,Stepped
35886ACM,A,0.3,Flat
35887ACM,B,0.5,Platform
35888ACM,C,0.25,Stepped
35918ACM,D,0.1,Flat
35970ACM,E,0.2,Platform
36006ACM,F,0.3,Stepped
36025ACM,A,0.5,Flat
36028ACM,B,0.25,Platform
36054ACM,C,0.1,Stepped
36055ACM,D,0.2,Flat
36074ACM,E,0.3,Platform
36158ACM,F,0.5,Stepped
36172ACM,A,0.25,Flat
36248ACM,B,0.1,Platform
36249ACM,C,0.2,Stepped
36275ACM,D,0.3,Flat
36277ACM,E,0.5,Platform
36278ACM,F,0.25,Stepped
36349ACM,A,0.1,Flat
36435ACM,B,0.2,Platform
36436ACM,C,0.3,Stepped
36437ACM,D,0.5,Flat
36440ACM,E,0.25,Platform
36441ACM,F,0.1,Stepped
36446ACM,A,0.2,Flat
36470ACM,B,0.3,Platform
36478ACM,C,0.5,Stepped
36479ACM,D,0.25,Flat
36481ACM,E,0.1,Platform
36482ACM,F,0.2,Stepped
36485ACM,A,0.3,Flat
36487ACM,B,0.5,Platform
36488ACM,C,0.25,Stepped
36490ACM,D,0.1,Flat
36503ACM,E,0.2,Platform
36504ACM,F,0.3,Stepped
36507ACM,A,0.5,Flat
36547ACM,B,0.25,Platform
36549ACM,C,0.1,Stepped
36554ACM,D,0.2,Flat
36557ACM,E,0.3,Platform
36558ACM,F,0.5,Stepped
36564ACM,A,0.25,Flat
36576ACM,B,0.1,Platform
36577ACM,C,0.2,Stepped
36608ACM,D,0.3,Flat
36609ACM,E,0.5,Platform
36645ACM,F,0.25,Stepped
36654ACM,A,0.1,Flat
36666ACM,B,0.2,Platform
36678ACM,C,0.3,Stepped
36709ACM,D,0.5,Flat
36712ACM,E,0.25,Platform
36714ACM,F,0.1,Stepped
36791ACM,A,0.2,Flat
36792ACM,B,0.3,Platform
36800ACM,C,0.5,Stepped
36804ACM,D,0.25,Flat
36807ACM,E,0.1,Platform
36839ACM,F,0.2,Stepped
36841ACM,A,0.3,Flat
36842ACM,B,0.5,Platform
36844ACM,C,0.25,Stepped
36862AC ,D,0.1,Flat
36878AC ,E,0.2,Platform
36884ACM,F,0.3,Stepped
36886ACM,A,0.5,Flat
36887ACM,B,0.25,Platform
36888ACM,C,0.1,Stepped
36889ACM,D,0.2,Flat
36891ACM,E,0.3,Platform
36902ACM,F,0.5,Stepped
36903ACM,A,0.25,Flat
36904ACM,B,0.1,Platform
36905ACM,C,0.2,Stepped
36916ACM,D,0.3,Flat
36923ACM,E,0.5,Platform
36924ACM,F,0.25,Stepped
36929AC ,A,0.1,Flat
36936AC ,B,0.2,Platform
36958ACM,C,0.3,Stepped
36959AC ,D,0.5,Flat
36973ACM,E,0.25,Platform
36987AC ,F,0.1,Stepped
36988AC ,A,0.2,Flat
37016ACM,B,0.3,Platform
37020AC ,C,0.5,Stepped
37023AC ,D,0.25,Flat
37025AC ,E,0.1,Platform
37026AC ,F,0.2,Stepped
37027AC ,A,0.3,Flat
37028AC ,B,0.5,Platform
37029AC ,C,0.25,Stepped
37038AC ,D,0.1,Flat
37041AC ,E,0.2,Platform
37043AC ,F,0.3,Stepped
37044ACA,A,0.5,Flat
37047ACM,B,0.25,Platform
37062ACA,C,0.1,Stepped
37070ACM,D,0.2,Flat
37072ACM,E,0.3,Platform
37075ACM,F,0.5,Stepped
37076ACM,A,0.25,Flat
37077ACM,B,0.1,Platform
37079ACM,C,0.2,Stepped
37084ACM,D,0.3,Flat
37085ACM,E,0.5,Platform
37088ACM,F,0.25,Stepped
37092ACM,A,0.1,Flat
37097ACM,B,0.2,Platform
37140ACM,C,0.3,Stepped
37147ACM,D,0.5,Flat
37175ACM,E,0.25,Platform
37179ACM,F,0.1,Stepped
37188ACM,A,0.2,Flat
37190ACM,B,0.3,Platform
37192ACM,C,0.5,Stepped
37204ACM,D,0.25,Flat
37211ACM,E,0.1,Platform
37215ACM,F,0.2,Stepped
37223ACK,A,0.3,Flat
37228ACK,B,0.5,Platform
37229ACK,C,0.25,Stepped
37238ACM,D,0.1,Flat
37288ACM,E,0.2,Platform
37311ACM,F,0.3,Stepped
37314ACM,A,0.5,Flat
37324ACM,B,0.25,Platform
37325ACM,C,0.1,Stepped
37336ACM,D,0.2,Flat
37348ACM,E,0.3,Platform
37372ACM,F,0.5,Stepped
37391ACM,A,0.25,Flat
37392ACM,B,0.1,Platform
37393ACM,C,0.2,Stepped
37407ACM,D,0.3,Flat
37410ACM,E,0.5,Platform
37411ACM,F,0.25,Stepped
37416ACM,A,0.1,Flat
37417ACM,B,0.2,Platform
37418ACM,C,0.3,Stepped
37424ACM,D,0.5,Flat
37435ACM,E,0.25,Platform
37452ACM,F,0.1,Stepped
37484ACM,A,0.2,Flat
37485ACM,B,0.3,Platform
37487ACM,C,0.5,Stepped
37494ACM,D,0.25,Flat
37495ACM,E,0.1,Platform
37497ACM,F,0.2,Stepped
37498ACM,A,0.3,Flat
37546ACM,B,0.5,Platform
37554AC ,C,0.25,Stepped
37586ACM,D,0.1,Flat
37592ACM,E,0.2,Platform
37627ACM,F,0.3,Stepped
37632ACM,A,0.5,Flat
37634ACM,B,0.25,Platform
37638ACM,C,0.1,Stepped
37639ACM,D,0.2,Flat
37666AC ,E,0.3,Platform
37682ACM,F,0.5,Stepped
37687ACM,A,0.25,Flat
37688ACM,B,0.1,Platform
37689ACM,C,0.2,Stepped
37690ACM,D,0.3,Flat
37691ACM,E,0.5,Platform
37719ACM,F,0.25,Stepped
37741ACM,A,0.1,Flat
37743ACM,B,0.2,Platform
37744ACM,C,0.3,Stepped
37745ACM,D,0.5,Flat
37748ACM,E,0.25,Platform
37749ACM,F,0.1,Stepped
37761ACM,A,0.2,Flat
37771ACM,B,0.3,Platform
37772ACM,C,0.5,Stepped
37773ACM,D,0.25,Flat
37774ACM,E,0.1,Platform
37776ACM,F,0.2,Stepped
37777ACM,A,0.3,Flat
37788ACM,B,0.5,Platform
37789ACM,C,0.25,Stepped
37791ACM,D,0.1,Flat
37799ACM,E,0.2,Platform
37803ACM,F,0.3,Stepped
37804ACM,A,0.5,Flat
37806ACM,B,0.25,Platform
37812ACM,C,0.1,Stepped
37814ACM,D,0.2,Flat
37888ACM,E,0.3,Platform
37903ACM,F,0.5,Stepped
37926ACM,A,0.25,Flat
38015ACM,B,0.1,Platform
38023ACM,C,0.2,Stepped
38024ACM,D,0.3,Flat
38026ACM,E,0.5,Platform
38059ACM,F,0.25,Stepped
38061ACM,A,0.1,Flat
38139ACM,B,0.2,Platform
38143ACM,C,0.3,Stepped
38148ACM,D,0.5,Flat
38182ACM,E,0.25,Platform
38183ACM,F,0.1,Stepped
38362ACM,A,0.2,Flat
38385ACA,B,0.3,Platform
38444ACM,C,0.5,Stepped
38447ACM,D,0.25,Flat
38458ACM,E,0.1,Platform
38501AC ,F,0.2,Stepped
38514AC ,A,0.3,Flat
38516AC ,B,0.5,Platform
38521AC ,C,0.25,Stepped
38530AC ,D,0.1,Flat
38704ACM,E,0.2,Platform
38840AC ,F,0.3,Stepped
38842AC ,A,0.5,Flat
38898ACM,B,0.25,Platform
38902ACM,C,0.1,Stepped
38903ACM,D,0.2,Flat
38918ACM,E,0.3,Platform
38923ACM,F,0.5,Stepped
38927ACM,A,0.25,Flat
38931ACM,B,0.1,Platform
38959ACM,C,0.2,Stepped
38960ACM,D,0.3,Flat
38961ACM,E,0.5,Platform
38962ACM,F,0.25,Stepped
38963ACM,A,0.1,Flat
38964ACM,B,0.2,Platform
38966ACM,C,0.3,Stepped
38967ACM,D,0.5,Flat
38968ACM,E,0.25,Platform
38972ACM,F,0.1,Stepped
38979ACM,A,0.2,Flat
39009ACM,B,0.3,Platform
39011ACM,C,0.5,Stepped
39051ACM,D,0.25,Flat
39052ACM,E,0.1,Platform
39056ACM,F,0.2,Stepped
39069ACM,A,0.3,Flat
39087ACM,B,0.5,Platform
39089ACM,C,0.25,Stepped
39090ACM,D,0.1,Flat
39092ACM,E,0.2,Platform
39093ACM,F,0.3,Stepped
39095ACM,A,0.5,Flat
39096ACM,B,0.25,Platform
39098ACM,C,0.1,Stepped
39099ACM,D,0.2,Flat
39101ACM,E,0.3,Platform
39143ACM,F,0.5,Stepped
39145ACM,A,0.25,Flat
39146ACM,B,0.1,Platform
39148ACM,C,0.2,Stepped
39149ACM,D,0.3,Flat
39155ACM,E,0.5,Platform
39156ACM,F,0.25,Stepped
39158ACM,A,0.1,Flat
39159ACM,B,0.2,Platform
39163ACM,C,0.3,Stepped
39164ACM,D,0.5,Flat
39165ACA,E,0.25,Platform
39178AC ,F,0.1,Stepped
39179AC ,A,0.2,Flat
39181ACM,B,0.3,Platform
39183ACM,C,0.5,Stepped
39191ACM,D,0.25,Flat
39362ACM,E,0.1,Platform
39364ACM,F,0.2,Stepped
39441ACM,A,0.3,Flat
39443ACM,B,0.5,Platform
39444ACM,C,0.25,Stepped
39445ACM,D,0.1,Flat
39446ACM,E,0.2,Platform
39476ACM,F,0.3,Stepped
39477ACM,A,0.5,Flat
39478ACM,B,0.25,Platform
39527ACM,C,0.1,Stepped
39591ACM,D,0.2,Flat
39595ACA,E,0.3,Platform
39597ACM,F,0.5,Stepped
39726AC ,A,0.25,Flat
39727AC ,B,0.1,Platform
39728AC ,C,0.2,Stepped
39773ACM,D,0.3,Flat
39880ACM,E,0.5,Platform
39912ACM,F,0.25,Stepped
39915ACM,A,0.1,Flat
39935ACM,B,0.2,Platform
39950ACM,C,0.3,Stepped
60157ACM,D,0.5,Flat
60225ACM,E,0.25,Platform
60428ACM,F,0.1,Stepped
60605ACM,A,0.2,Flat
60624ACM,B,0.3,Platform
60686ACM,C,0.5,Stepped
60744ACM,D,0.25,Flat
60776AC ,E,0.1,Platform
60778AC ,F,0.2,Stepped
60779AC ,A,0.3,Flat
60784ACM,B,0.5,Platform
60808ACM,C,0.25,Stepped
60821ACM,D,0.1,Flat
60848ACM,E,0.2,Platform
60873ACM,F,0.3,Stepped
60875ACM,A,0.5,Flat
60877ACM,B,0.25,Platform
60878ACM,C,0.1,Stepped
60882ACM,D,0.2,Flat
60922ACM,E,0.3,Platform
60924ACM,F,0.5,Stepped
60986ACM,A,0.25,Flat
60993ACM,B,0.1,Platform
61028ACM,C,0.2,Stepped
61029ACM,D,0.3,Flat
61095ACM,E,0.5,Platform
61102ACM,F,0.25,Stepped
61104ACM,A,0.1,Flat
61121ACM,B,0.2,Platform
61122ACM,C,0.3,Stepped
61155ACM,D,0.5,Flat
61162AC ,E,0.25,Platform
61163AC ,F,0.1,Stepped
61165AC ,A,0.2,Flat
61175ACM,B,0.3,Platform
61180ACM,C,0.5,Stepped
61205ACM,D,0.25,Flat
61208ACM,E,0.1,Platform
61209ACM,F,0.2,Stepped
61212ACM,A,0.3,Flat
61215ACM,B,0.5,Platform
61220ACM,C,0.25,Stepped
61223ACM,D,0.1,Flat
61225ACM,E,0.2,Platform
61226ACM,F,0.3,Stepped
61229ACM,A,0.5,Flat
61241ACM,B,0.25,Platform
61242ACM,C,0.1,Stepped
61244ACM,D,0.2,Flat
61253ACM,E,0.3,Platform
61266ACM,F,0.5,Stepped
61267ACM,A,0.25,Flat
61283ACM,B,0.1,Platform
61284ACM,C,0.2,Stepped
61298ACM,D,0.3,Flat
61358ACM,E,0.5,Platform
61376AC ,F,0.25,Stepped
61377ACM,A,0.1,Flat
61378ACM,B,0.2,Platform
61380ACM,C,0.3,Stepped
61395ACM,D,0.5,Flat
61411ACM,E,0.25,Platform
61414ACM,F,0.1,Stepped
61422ACN,A,0.2,Flat
61438ACN,B,0.3,Platform
61444ACM,C,0.5,Stepped
61459ACM,D,0.25,Flat
61464ACM,E,0.1,Platform
61475ACM,F,0.2,Stepped
61483ACM,A,0.3,Flat
61484ACM,B,0.5,Platform
61497ACM,C,0.25,Stepped
61500ACM,D,0.1,Flat
61507ACM,E,0.2,Platform
61542AC ,F,0.3,Stepped
61581ACM,A,0.5,Flat
61583ACM,B,0.25,Platform
61585ACM,C,0.1,Stepped
61588ACM,D,0.2,Flat
61603AC ,E,0.3,Platform
61614ACM,F,0.5,Stepped
61623ACM,A,0.25,Flat
61624ACM,B,0.1,Platform
61625ACM,C,0.2,Stepped
61626ACM,D,0.3,Flat
61627ACM,E,0.5,Platform
61632ACM,F,0.25,Stepped
61637ACM,A,0.1,Flat
61645ACM,B,0.2,Platform
61647ACM,C,0.3,Stepped
61658ACM,D,0.5,Flat
61836ACM,E,0.25,Platform
61903ACM,F,0.1,Stepped
61911ACM,A,0.2,Flat
61913ACM,B,0.3,Platform
61919ACM,C,0.5,Stepped
61968ACM,D,0.25,Flat
61975AC ,E,0.1,Platform
62003AC ,F,0.2,Stepped
62025ACK,A,0.3,Flat
62167ACM,B,0.5,Platform
62180ACM,C,0.25,Stepped
62207ACM,D,0.1,Flat
62284ACM,E,0.2,Platform
62386ACM,F,0.3,Stepped
62446ACM,A,0.5,Flat
62578ACM,B,0.25,Platform
62630ACM,C,0.1,Stepped
62637ACM,D,0.2,Flat
62766ACM,E,0.3,Platform
62767ACM,F,0.5,Stepped
62768ACM,A,0.25,Flat
62769ACM,B,0.1,Platform
62770AC ,C,0.2,Stepped
62771AC ,D,0.3,Flat
62774ACM,E,0.5,Platform
62776ACM,F,0.25,Stepped
62815ACM,A,0.1,Flat
62913ACM,B,0.2,Platform
62966ACM,C,0.3,Stepped
62982ACM,D,0.5,Flat
62984ACM,E,0.25,Platform
62988ACM,F,0.1,Stepped
63005ACM,A,0.2,Flat
63037ACM,B,0.3,Platform
63041ACM,C,0.5,Stepped
63043ACM,D,0.25,Flat
63044ACM,E,0.1,Platform
63053ACM,F,0.2,Stepped
63058ACM,A,0.3,Flat
63065ACV,B,0.5,Platform
63100ACM,C,0.25,Stepped
63109ACM,D,0.1,Flat
63110ACM,E,0.2,Platform
63112ACM,F,0.3,Stepped
63116ACM,A,0.5,Flat
63117ACM,B,0.25,Platform
63118ACM,C,0.1,Stepped
63149ACM,D,0.2,Flat
63154ACM,E,0.3,Platform
63170ACM,F,0.5,Stepped
63171ACM,A,0.25,Flat
63184ACM,B,0.1,Platform
63235ACM,C,0.2,Stepped
63265AC ,D,0.3,Flat
63266AC ,E,0.5,Platform
63341ACM,F,0.25,Stepped
63399ACM,A,0.1,Flat
63414ACM,B,0.2,Platform
63676ACM,C,0.3,Stepped
63679ACM,D,0.5,Flat
63705ACM,E,0.25,Platform
63706ACM,F,0.1,Stepped
63709ACM,A,0.2,Flat
63750ACM,B,0.3,Platform
63751ACM,C,0.5,Stepped
63756ACM,D,0.25,Flat
63768ACM,E,0.1,Platform
63780ACM,F,0.2,Stepped
63783ACM,A,0.3,Flat
63785ACM,B,0.5,Platform
63787ACM,C,0.25,Stepped
63789ACM,D,0.1,Flat
63897ACM,E,0.2,Platform
63916ACM,F,0.3,Stepped
63918ACM,A,0.5,Flat
63931ACM,B,0.25,Platform
63932ACM,C,0.1,Stepped
63934ACM,D,0.2,Flat
63963ACM,E,0.3,Platform
63978ACM,F,0.5,Stepped
63979ACM,A,0.25,Flat
64000ACM,B,0.1,Platform
64001ACM,C,0.2,Stepped
64002ACM,D,0.3,Flat
64003ACM,E,0.5,Platform
64004ACM,F,0.25,Stepped
64008ACM,A,0.1,Flat
64011ACM,B,0.2,Platform
64012ACM,C,0.3,Stepped
64035ACM,D,0.5,Flat
64113AC ,E,0.25,Platform
64124ACM,F,0.1,Stepped
64145ACM,A,0.2,Flat
64210ACM,B,0.3,Platform
64213ACM,C,0.5,Stepped
64221ACN,D,0.25,Flat
64222ACN,E,0.1,Platform
64228ACN,F,0.2,Stepped
64231ACN,A,0.3,Flat
64238ACN,B,0.5,Platform
64305ACM,C,0.25,Stepped
64306ACM,D,0.1,Flat
64355ACM,E,0.2,Platform
64359ACM,F,0.3,Stepped
64377ACM,A,0.5,Flat
64388ACM,B,0.25,Platform
64426ACM,C,0.1,Stepped
64428ACM,D,0.2,Flat
64429ACM,E,0.3,Platform
64435ACM,F,0.5,Stepped
64436ACM,A,0.25,Flat
64444ACM,B,0.1,Platform
64449ACM,C,0.2,Stepped
64452ACM,D,0.3,Flat
64478ACM,E,0.5,Platform
64500ACM,F,0.25,Stepped
64502ACM,A,0.1,Flat
64594ACM,B,0.2,Platform
64602ACM,C,0.3,Stepped
64611ACM,D,0.5,Flat
64755AC ,E,0.25,Platform
64757ACM,F,0.1,Stepped
64876ACM,A,0.2,Flat
64877ACM,B,0.3,Platform
64878ACM,C,0.5,Stepped
64879ACM,D,0.25,Flat
64947ACM,E,0.1,Platform
64959ACM,F,0.2,Stepped
64989ACM,A,0.3,Flat
65052ACM,B,0.5,Platform
65054ACM,C,0.25,Stepped
65073ACM,D,0.1,Flat
65115ACM,E,0.2,Platform
65186ACM,F,0.3,Stepped
65343ACM,A,0.5,Flat
65347ACM,B,0.25,Platform
65398AC ,C,0.1,Stepped
65405ACM,D,0.2,Flat
65539AC ,E,0.3,Platform
65543ACM,F,0.5,Stepped
65548ACM,A,0.25,Flat
65616ACM,B,0.1,Platform
65662AC ,C,0.2,Stepped
65663AC ,D,0.3,Flat
65669AC ,E,0.5,Platform
65766ACM,F,0.25,Stepped
65769ACM,A,0.1,Flat
65777ACM,B,0.2,Platform
65863ACM,C,0.3,Stepped
65936ACM,D,0.5,Flat
65939ACM,E,0.25,Platform
66000ACM,F,0.1,Stepped
66060ACM,A,0.2,Flat
66073AC ,B,0.3,Platform
66079ACM,C,0.5,Stepped
66088ACM,D,0.25,Flat
66089ACM,E,0.1,Platform
66093ACM,F,0.2,Stepped
66094ACM,A,0.3,Flat
66104ACM,B,0.5,Platform
66108ACM,C,0.25,Stepped
66112ACM,D,0.1,Flat
66130ACM,E,0.2,Platform
66133ACM,F,0.3,Stepped
66137ACM,A,0.5,Flat
66153ACM,B,0.25,Platform
66170ACM,C,0.1,Stepped
66175ACM,D,0.2,Flat
66189ACM,E,0.3,Platform
66224ACM,F,0.5,Stepped
66228ACM,A,0.25,Flat
66363ACM,B,0.1,Platform
66400ACM,C,0.2,Stepped
66421ACM,D,0.3,Flat
66426ACM,E,0.5,Platform
66451ACM,F,0.25,Stepped
66457ACM,A,0.1,Flat
66465ACM,B,0.2,Platform
66468ACM,C,0.3,Stepped
66473ACM,D,0.5,Flat
66474ACM,E,0.25,Platform
66498ACM,F,0.1,Stepped
66518ACM,A,0.2,Flat
66525ACM,B,0.3,Platform
66551ACM,C,0.5,Stepped
66630ACM,D,0.25,Flat
66656ACM,E,0.1,Platform
66659ACM,F,0.2,Stepped
66678ACM,A,0.3,Flat
66683ACM,B,0.5,Platform
66717ACM,C,0.25,Stepped
66726ACM,D,0.1,Flat
66796ACM,E,0.2,Platform
66858ACM,F,0.3,Stepped
66859ACM,A,0.5,Flat
66864ACM,B,0.25,Platform
66872ACM,C,0.1,Stepped
66877ACM,D,0.2,Flat
66897ACM,E,0.3,Platform
66937ACM,F,0.5,Stepped
66938ACM,A,0.25,Flat
66952ACM,B,0.1,Platform
66953ACM,C,0.2,Stepped
66954ACM,D,0.3,Flat
66965ACM,E,0.5,Platform
67149ACM,F,0.25,Stepped
67165ACM,A,0.1,Flat
67210ACM,B,0.2,Platform
67271ACM,C,0.3,Stepped
67286ACM,D,0.5,Flat
67292AC ,E,0.25,Platform
67301ACM,F,0.1,Stepped
67302ACM,A,0.2,Flat
67303ACM,B,0.3,Platform
67307ACM,C,0.5,Stepped
67308ACM,D,0.25,Flat
67309ACM,E,0.1,Platform
67341ACM,F,0.2,Stepped
67342ACM,A,0.3,Flat
67352ACM,B,0.5,Platform
67353ACM,C,0.25,Stepped
67354ACM,D,0.1,Flat
67358ACM,E,0.2,Platform
67359ACM,F,0.3,Stepped
67362ACM,A,0.5,Flat
67401AC ,B,0.25,Platform
67433AC ,C,0.1,Stepped
67438AC ,D,0.2,Flat
67511AC ,E,0.3,Platform
67532ACM,F,0.5,Stepped
67533ACM,A,0.25,Flat
67534AC ,B,0.1,Platform
67563AC ,C,0.2,Stepped
6757DACM,D,0.3,Flat
67570ACM,E,0.5,Platform
67575ACM,F,0.25,Stepped
67576ACM,A,0.1,Flat
67619ACM,B,0.2,Platform
67687ACM,C,0.3,Stepped
67689ACM,D,0.5,Flat
67714ACM,E,0.25,Platform
67742ACN,F,0.1,Stepped
67745ACM,A,0.2,Flat
67748ACM,B,0.3,Platform
67767ACN,C,0.5,Stepped
67771ACM,D,0.25,Flat
67776ACN,E,0.1,Platform
67777ACN,F,0.2,Stepped
67782ACM,A,0.3,Flat
67799ACM,B,0.5,Platform
67810ACM,C,0.25,Stepped
67812ACM,D,0.1,Flat
67817ACM,E,0.2,Platform
67827ACM,F,0.3,Stepped
67848ACM,A,0.5,Flat
67891ACM,B,0.25,Platform
67893ACM,C,0.1,Stepped
67894ACM,D,0.2,Flat
67895ACM,E,0.3,Platform
67950ACM,F,0.5,Stepped
67961ACM,A,0.25,Flat
67962ACM,B,0.1,Platform
67970ACM,C,0.2,Stepped
68028ACM,D,0.3,Flat
68031ACM,E,0.5,Platform
68035AC ,F,0.25,Stepped
68042AC ,A,0.1,Flat
68071ACM,B,0.2,Platform
68075ACM,C,0.3,Stepped
68089ACM,D,0.5,Flat
68114AC ,E,0.25,Platform
68117ACM,F,0.1,Stepped
68164ACM,A,0.2,Flat
68166ACM,B,0.3,Platform
68217ACM,C,0.5,Stepped
68242ACM,D,0.25,Flat
68250ACM,E,0.1,Platform
68258ACM,F,0.2,Stepped
68277ACM,A,0.3,Flat
68279ACM,B,0.5,Platform
68288ACM,C,0.25,Stepped
68299ACM,D,0.1,Flat
68321ACM,E,0.2,Platform
68323ACM,F,0.3,Stepped
68328ACM,A,0.5,Flat
68346ACM,B,0.25,Platform
6837DACM,C,0.1,Stepped
68370ACM,D,0.2,Flat
68371ACM,E,0.3,Platform
68372ACM,F,0.5,Stepped
68374ACM,A,0.25,Flat
68386ACM,B,0.1,Platform
68387ACM,C,0.2,Stepped
68392ACM,D,0.3,Flat
68393ACM,E,0.5,Platform
68395ACM,F,0.25,Stepped
68397ACM,A,0.1,Flat
68398ACM,B,0.2,Platform
68437ACM,C,0.3,Stepped
68445ACM,D,0.5,Flat
68446ACM,E,0.25,Platform
68448ACM,F,0.1,Stepped
68458ACM,A,0.2,Flat
68482ACM,B,0.3,Platform
68486ACM,C,0.5,Stepped
68487ACM,D,0.25,Flat
68488ACM,E,0.1,Platform
68491ACM,F,0.2,Stepped
68543ACM,A,0.3,Flat
68548ACM,B,0.5,Platform
68604ACM,C,0.25,Stepped
68622AC ,D,0.1,Flat
68627ACM,E,0.2,Platform
68628ACM,F,0.3,Stepped
68638ACM,A,0.5,Flat
68738ACM,B,0.25,Platform
68748ACM,C,0.1,Stepped
68757ACM,D,0.2,Flat
68770ACM,E,0.3,Platform
68804ACM,F,0.5,Stepped
68813ACM,A,0.25,Flat
68828ACM,B,0.1,Platform
68881ACM,C,0.2,Stepped
68882ACM,D,0.3,Flat
68883ACM,E,0.5,Platform
68884ACM,F,0.25,Stepped
68892ACM,A,0.1,Flat
68893ACM,B,0.2,Platform
68898ACM,C,0.3,Stepped
68902ACM,D,0.5,Flat
68922ACM,E,0.25,Platform
68933ACM,F,0.1,Stepped
68937ACM,A,0.2,Flat
68938ACM,B,0.3,Platform
68939ACM,C,0.5,Stepped
68942ACA,D,0.25,Flat
68943ACA,E,0.1,Platform
68944ACA,F,0.2,Stepped
68946ACA,A,0.3,Flat
68947ACA,B,0.5,Platform
68948ACA,C,0.25,Stepped
68949ACA,D,0.1,Flat
68954ACM,E,0.2,Platform
68959ACM,F,0.3,Stepped
68974ACM,A,0.5,Flat
68983ACM,B,0.25,Platform
68994ACM,C,0.1,Stepped
68997ACM,D,0.2,Flat
69041ACN,E,0.3,Platform
69069ACM,F,0.5,Stepped
69072ACM,A,0.25,Flat
69078ACM,B,0.1,Platform
69079AC ,C,0.2,Stepped
69084ACM,D,0.3,Flat
69091ACM,E,0.5,Platform
69096ACM,F,0.25,Stepped
69099ACM,A,0.1,Flat
69122ACM,B,0.2,Platform
69123ACM,C,0.3,Stepped
69129ACM,D,0.5,Flat
69134ACM,E,0.25,Platform
69136ACM,F,0.1,Stepped
69197ACM,A,0.2,Flat
69208ACM,B,0.3,Platform
69209ACA,C,0.5,Stepped
69214ACM,D,0.25,Flat
69251ACM,E,0.1,Platform
69253ACM,F,0.2,Stepped
69350ACM,A,0.3,Flat
69362ACM,B,0.5,Platform
69379AC ,C,0.25,Stepped
69403ACM,D,0.1,Flat
69415ACM,E,0.2,Platform
69432ACM,F,0.3,Stepped
69474ACM,A,0.5,Flat
69477ACM,B,0.25,Platform
69508ACM,C,0.1,Stepped
69512ACM,D,0.2,Flat
69513ACM,E,0.3,Platform
69514ACM,F,0.5,Stepped
69559ACM,A,0.25,Flat
69569ACM,B,0.1,Platform
69584ACM,C,0.2,Stepped
69601ACM,D,0.3,Flat
69606ACM,E,0.5,Platform
69607ACM,F,0.25,Stepped
69608ACM,A,0.1,Flat
69609ACM,B,0.2,Platform
69613ACM,C,0.3,Stepped
69658ACM,D,0.5,Flat
69663AC ,E,0.25,Platform
69664ACM,F,0.1,Stepped
69666ACM,A,0.2,Flat
69667ACM,B,0.3,Platform
69668ACM,C,0.5,Stepped
69675ACM,D,0.25,Flat
69679ACM,E,0.1,Platform
69686AC ,F,0.2,Stepped
69690ACM,A,0.3,Flat
69696ACM,B,0.5,Platform
69752ACM,C,0.25,Stepped
69753ACM,D,0.1,Flat
69754ACM,E,0.2,Platform
69825ACM,F,0.3,Stepped
69826ACM,A,0.5,Flat
69827ACM,B,0.25,Platform
69842ACM,C,0.1,Stepped
69854AC ,D,0.2,Flat
69856ACM,E,0.3,Platform
69858ACM,F,0.5,Stepped
69867AC ,A,0.25,Flat
69883ACA,B,0.1,Platform
69884ACM,C,0.2,Stepped
69888ACA,D,0.3,Flat
69889ACA,E,0.5,Platform
69891ACM,F,0.25,Stepped
69903ACM,A,0.1,Flat
69910ACM,B,0.2,Platform
69915ACM,C,0.3,Stepped
69916ACM,D,0.5,Flat
69919ACM,E,0.25,Platform
69931ACM,F,0.1,Stepped
69932ACM,A,0.2,Flat
69933ACM,B,0.3,Platform
69941ACM,C,0.5,Stepped
69950ACM,D,0.25,Flat
69952ACM,E,0.1,Platform
69954ACM,F,0.2,Stepped
69959ACM,A,0.3,Flat
69964ACM,B,0.5,Platform
69966ACM,C,0.25,Stepped
72004ACW,D,0.1,Flat
72015ACW,E,0.2,Platform
72017ACW,F,0.3,Stepped
72024ACW,A,0.5,Flat
72026ACW,B,0.25,Platform
72028ACW,C,0.1,Stepped
72046ACW,D,0.2,Flat
72070ACW,E,0.3,Platform
72085ACW,F,0.5,Stepped
72092ACW,A,0.25,Flat
72220ACW,B,0.1,Platform
72414ACW,C,0.2,Stepped
72422ACW,D,0.3,Flat
72423ACW,E,0.5,Platform
72432ACW,F,0.25,Stepped
72433ACW,A,0.1,Flat
72437ACW,B,0.2,Platform
72439ACW,C,0.3,Stepped
72447ACW,D,0.5,Flat
72462ACW,E,0.25,Platform
72463ACW,F,0.1,Stepped
72465ACW,A,0.2,Flat
72466ACW,B,0.3,Platform
72467ACW,C,0.5,Stepped
72470ACW,D,0.25,Flat
72471ACW,E,0.1,Platform
72472ACW,F,0.2,Stepped
72473ACW,A,0.3,Flat
72474ACW,B,0.5,Platform
72481ACW,C,0.25,Stepped
72485ACW,D,0.1,Flat
72487ACW,E,0.2,Platform
72488ACW,F,0.3,Stepped
72489ACW,A,0.5,Flat
72498ACW,B,0.25,Platform
72500ACW,C,0.1,Stepped
72501ACW,D,0.2,Flat
72502ACW,E,0.3,Platform
72503ACW,F,0.5,Stepped
72504ACW,A,0.25,Flat
72510ACW,B,0.1,Platform
72520ACW,C,0.2,Stepped
72525ACW,D,0.3,Flat
72720ACW,E,0.5,Platform
72740ACW,F,0.25,Stepped
72750ACW,A,0.1,Flat
72813ACW,B,0.2,Platform
7400DACM,C,0.3,Stepped
74000ACW,D,0.5,Flat
74001ACW,E,0.25,Platform
74002ACW,F,0.1,Stepped
74003ACW,A,0.2,Flat
74004ACW,B,0.3,Platform
74005ACW,C,0.5,Stepped
74006ACW,D,0.25,Flat
75003ACW,E,0.1,Platform
75014ACW,F,0.2,Stepped
75109ACW,A,0.3,Flat
75110ACW,B,0.5,Platform
75714ACW,C,0.25,Stepped
75718ACW,D,0.1,Flat
75758ACW,E,0.2,Platform
76302ACW,F,0.3,Stepped
76328ACW,A,0.5,Flat
76345ACW,B,0.25,Platform
76353ACW,C,0.1,Stepped
76681ACW,D,0.2,Flat
8A001ACU,E,0.3,Platform
8A003ACU,F,0.5,Stepped
8A004ACU,A,0.25,Flat
8A005ACU,B,0.1,Platform
8A006ACU,C,0.2,Stepped
8A007ACU,D,0.3,Flat
8A008ACU,E,0.5,Platform
8A009ACU,F,0.25,Stepped
8A010ACU,A,0.1,Flat
8A012ACU,B,0.2,Platform
8A013ACU,C,0.3,Stepped
8A014ACU,D,0.5,Flat
8A015ACU,E,0.25,Platform
8A016ACU,F,0.1,Stepped
8A017ACU,A,0.2,Flat
8A018ACU,B,0.3,Platform
8A019ACU,C,0.5,Stepped
8A020ACU,D,0.25,Flat
8A021ACU,E,0.1,Platform
80011ACM,F,0.2,Stepped
80025ACM,A,0.3,Flat
80035ACM,B,0.5,Platform
80116ACM,C,0.25,Stepped
80117ACM,D,0.1,Flat
80142ACM,E,0.2,Platform
80157ACM,F,0.3,Stepped
80158ACM,A,0.5,Flat
80161ACM,B,0.25,Platform
80176ACM,C,0.1,Stepped
80194AC ,D,0.2,Flat
80196ACM,E,0.3,Platform
80203ACM,F,0.5,Stepped
80204ACM,A,0.25,Flat
80218ACM,B,0.1,Platform
80236ACM,C,0.2,Stepped
80237ACM,D,0.3,Flat
80246ACM,E,0.5,Platform
80310ACM,F,0.25,Stepped
80434ACM,A,0.1,Flat
80435ACM,B,0.2,Platform
80438ACM,C,0.3,Stepped
80439AC ,D,0.5,Flat
80443ACM,E,0.25,Platform
80473AC ,F,0.1,Stepped
80474AC ,A,0.2,Flat
80508ACM,B,0.3,Platform
80559AC ,C,0.5,Stepped
80594AC ,D,0.25,Flat
80607AC ,E,0.1,Platform
80608ACM,F,0.2,Stepped
80618ACM,A,0.3,Flat
80643ACM,B,0.5,Platform
80669ACM,C,0.25,Stepped
80768ACA,D,0.1,Flat
80769ACA,E,0.2,Platform
80807ACM,F,0.3,Stepped
80809ACM,A,0.5,Flat
80816ACM,B,0.25,Platform
80818ACM,C,0.1,Stepped
80819ACM,D,0.2,Flat
80859ACM,E,0.3,Platform
80862ACM,F,0.5,Stepped
80904ACM,A,0.25,Flat
80992ACM,B,0.1,Platform
81021ACM,C,0.2,Stepped
81064AC ,D,0.3,Flat
81066AC ,E,0.5,Platform
81069AC ,F,0.25,Stepped
81079AC ,A,0.1,Flat
81080ACM,B,0.2,Platform
81081ACM,C,0.3,Stepped
81091ACM,D,0.5,Flat
81098ACM,E,0.25,Platform
81121ACM,F,0.1,Stepped
81129ACM,A,0.2,Flat
81159ACM,B,0.3,Platform
81175ACM,C,0.5,Stepped
81183ACM,D,0.25,Flat
81202ACM,E,0.1,Platform
81207ACM,F,0.2,Stepped
81209ACM,A,0.3,Flat
81211ACM,B,0.5,Platform
81217ACM,C,0.25,Stepped
81304ACM,D,0.1,Flat
81307ACM,E,0.2,Platform
81311ACM,F,0.3,Stepped
81312ACM,A,0.5,Flat
81313ACM,B,0.25,Platform
81314ACM,C,0.1,Stepped
81317ACM,D,0.2,Flat
81323ACM,E,0.3,Platform
81324ACM,F,0.5,Stepped
81328ACM,A,0.25,Flat
81356ACM,B,0.1,Platform
81401ACM,C,0.2,Stepped
81413ACM,D,0.3,Flat
81422ACM,E,0.5,Platform
81444ACM,F,0.25,Stepped
81449ACM,A,0.1,Flat
81458ACM,B,0.2,Platform
81459ACM,C,0.3,Stepped
81461AC ,D,0.5,Flat
81462AC ,E,0.25,Platform
81463AC ,F,0.1,Stepped
81464AC ,A,0.2,Flat
81474ACM,B,0.3,Platform
81476AC ,C,0.5,Stepped
81477AC ,D,0.25,Flat
81484ACM,E,0.1,Platform
81503ACM,F,0.2,Stepped
81537ACM,A,0.3,Flat
81540ACM,B,0.5,Platform
81543ACM,C,0.25,Stepped
81544ACM,D,0.1,Flat
81546ACM,E,0.2,Platform
81556ACM,F,0.3,Stepped
81563ACM,A,0.5,Flat
81565ACM,B,0.25,Platform
81575ACA,C,0.1,Stepped
81577ACA,D,0.2,Flat
81579ACA,E,0.3,Platform
81582ACM,F,0.5,Stepped
81586ACM,A,0.25,Flat
81588ACM,B,0.1,Platform
81591ACM,C,0.2,Stepped
81610AC ,D,0.3,Flat
81618AC ,E,0.5,Platform
81626ACM,F,0.25,Stepped
81627ACM,A,0.1,Flat
81629ACM,B,0.2,Platform
81631ACM,C,0.3,Stepped
81644ACM,D,0.5,Flat
81646ACM,E,0.25,Platform
81648ACM,F,0.1,Stepped
81654ACM,A,0.2,Flat
81662ACM,B,0.3,Platform
81664ACM,C,0.5,Stepped
81665ACM,D,0.25,Flat
81677ACM,E,0.1,Platform
81679ACM,F,0.2,Stepped
81684ACM,A,0.3,Flat
81686ACM,B,0.5,Platform
81689ACM,C,0.25,Stepped
81691ACM,D,0.1,Flat
81694ACM,E,0.2,Platform
81696ACM,F,0.3,Stepped
81697ACM,A,0.5,Flat
81698ACM,B,0.25,Platform
81699ACM,C,0.1,Stepped
81701ACM,D,0.2,Flat
81702ACM,E,0.3,Platform
81703ACM,F,0.5,Stepped
81704ACM,A,0.25,Flat
81708ACM,B,0.1,Platform
81709ACM,C,0.2,Stepped
81711ACM,D,0.3,Flat
81712ACM,E,0.5,Platform
81713ACM,F,0.25,Stepped
81714ACM,A,0.1,Flat
81716ACM,B,0.2,Platform
81718AC ,C,0.3,Stepped
81722ACM,D,0.5,Flat
81723ACM,E,0.25,Platform
81725ACM,F,0.1,Stepped
81726ACM,A,0.2,Flat
81728ACM,B,0.3,Platform
81729ACM,C,0.5,Stepped
81734ACM,D,0.25,Flat
81737ACM,E,0.1,Platform
81766ACM,F,0.2,Stepped
81767ACM,A,0.3,Flat
81779ACA,B,0.5,Platform
81787ACA,C,0.25,Stepped
81793ACA,D,0.1,Flat
81794ACM,E,0.2,Platform
81795ACM,F,0.3,Stepped
81829ACM,A,0.5,Flat
81834AC ,B,0.25,Platform
81839ACM,C,0.1,Stepped
81841ACM,D,0.2,Flat
81843ACM,E,0.3,Platform
81844ACM,F,0.5,Stepped
81846AC ,A,0.25,Flat
81847ACM,B,0.1,Platform
81851ACM,C,0.2,Stepped
81853ACM,D,0.3,Flat
81861ACM,E,0.5,Platform
81864ACM,F,0.25,Stepped
81865ACM,A,0.1,Flat
81873ACM,B,0.2,Platform
81874ACM,C,0.3,Stepped
81888ACM,D,0.5,Flat
81889ACM,E,0.25,Platform
81893ACM,F,0.1,Stepped
81898ACM,A,0.2,Flat
81908ACM,B,0.3,Platform
81909ACM,C,0.5,Stepped
81911ACM,D,0.25,Flat
81913AC ,E,0.1,Platform
81915ACM,F,0.2,Stepped
81917ACM,A,0.3,Flat
81922ACM,B,0.5,Platform
81924ACM,C,0.25,Stepped
81929ACM,D,0.1,Flat
81944ACA,E,0.2,Platform
81946ACA,F,0.3,Stepped
81947ACM,A,0.5,Flat
81948ACM,B,0.25,Platform
81968ACM,C,0.1,Stepped
81969ACM,D,0.2,Flat
81975AC ,E,0.3,Platform
81976AC ,F,0.5,Stepped
81978AC ,A,0.25,Flat
81992AC ,B,0.1,Platform
81993AC ,C,0.2,Stepped
81995AC ,D,0.3,Flat
82020ACM,E,0.5,Platform
82031ACM,F,0.25,Stepped
82032ACM,A,0.1,Flat
82072ACM,B,0.2,Platform
82086ACM,C,0.3,Stepped
82089ACM,D,0.5,Flat
82092ACM,E,0.25,Platform
82094ACM,F,0.1,Stepped
82159AC ,A,0.2,Flat
82219ACM,B,0.3,Platform
82222ACM,C,0.5,Stepped
82223ACM,D,0.25,Flat
82224ACM,E,0.1,Platform
82229ACM,F,0.2,Stepped
82231ACM,A,0.3,Flat
82232ACM,B,0.5,Platform
82233ACM,C,0.25,Stepped
82259ACM,D,0.1,Flat
82277AC ,E,0.2,Platform
82289AC ,F,0.3,Stepped
82293AC ,A,0.5,Flat
82294ACM,B,0.25,Platform
82296ACM,C,0.1,Stepped
82306ACM,D,0.2,Flat
82338ACM,E,0.3,Platform
82362ACM,F,0.5,Stepped
82364ACM,A,0.25,Flat
82384ACM,B,0.1,Platform
82396ACM,C,0.2,Stepped
82404ACM,D,0.3,Flat
82407ACM,E,0.5,Platform
82411ACM,F,0.25,Stepped
82414AC ,A,0.1,Flat
82419ACM,B,0.2,Platform
82423ACM,C,0.3,Stepped
82445ACM,D,0.5,Flat
82463ACM,E,0.25,Platform
82466ACM,F,0.1,Stepped
82467ACM,A,0.2,Flat
82506ACM,B,0.3,Platform
82514ACM,C,0.5,Stepped
82536ACM,D,0.25,Flat
82542ACM,E,0.1,Platform
82551ACM,F,0.2,Stepped
82552ACM,A,0.3,Flat
82572AC ,B,0.5,Platform
82581ACM,C,0.25,Stepped
82582ACM,D,0.1,Flat
82584ACM,E,0.2,Platform
82592ACM,F,0.3,Stepped
82629ACM,A,0.5,Flat
82637ACM,B,0.25,Platform
82653ACM,C,0.1,Stepped
82654ACM,D,0.2,Flat
82669ACM,E,0.3,Platform
82671ACM,F,0.5,Stepped
82672ACM,A,0.25,Flat
82673ACM,B,0.1,Platform
82682ACM,C,0.2,Stepped
82684ACM,D,0.3,Flat
82714ACM,E,0.5,Platform
82734ACM,F,0.25,Stepped
82747ACM,A,0.1,Flat
82763ACM,B,0.2,Platform
82778ACM,C,0.3,Stepped
82779ACM,D,0.5,Flat
82781ACM,E,0.25,Platform
82803ACM,F,0.1,Stepped
82804ACM,A,0.2,Flat
82809AC ,B,0.3,Platform
82831ACM,C,0.5,Stepped
82834ACM,D,0.25,Flat
82836ACM,E,0.1,Platform
82842ACM,F,0.2,Stepped
82845ACM,A,0.3,Flat
82865AC ,B,0.5,Platform
82866ACM,C,0.25,Stepped
82893ACM,D,0.1,Flat
82894ACM,E,0.2,Platform
82896ACM,F,0.3,Stepped
82915ACM,A,0.5,Flat
82934ACM,B,0.25,Platform
83016ACM,C,0.1,Stepped
83040ACM,D,0.2,Flat
83050ACM,E,0.3,Platform
83060ACM,F,0.5,Stepped
83073ACM,A,0.25,Flat
83084ACM,B,0.1,Platform
83099ACM,C,0.2,Stepped
83134ACM,D,0.3,Flat
83137ACM,E,0.5,Platform
83159ACM,F,0.25,Stepped
83166ACM,A,0.1,Flat
83167ACM,B,0.2,Platform
83173ACM,C,0.3,Stepped
83177ACM,D,0.5,Flat
83178ACM,E,0.25,Platform
83180ACM,F,0.1,Stepped
83253ACM,A,0.2,Flat
83254ACM,B,0.3,Platform
83273ACM,C,0.5,Stepped
83307ACM,D,0.25,Flat
83311ACM,E,0.1,Platform
83314ACM,F,0.2,Stepped
83316ACM,A,0.3,Flat
83320ACM,B,0.5,Platform
83321ACM,C,0.25,Stepped
83343ACM,D,0.1,Flat
83344AC ,E,0.2,Platform
83345ACM,F,0.3,Stepped
83369ACM,A,0.5,Flat
83378ACM,B,0.25,Platform
83450ACM,C,0.1,Stepped
83451ACM,D,0.2,Flat
83475ACM,E,0.3,Platform
83479ACM,F,0.5,Stepped
83489AC ,A,0.25,Flat
83496ACM,B,0.1,Platform
83498AC ,C,0.2,Stepped
83499ACM,D,0.3,Flat
83537ACM,E,0.5,Platform
83559ACM,F,0.25,Stepped
83572ACM,A,0.1,Flat
83573ACM,B,0.2,Platform
83579ACM,C,0.3,Stepped
83581ACM,D,0.5,Flat
83603ACM,E,0.25,Platform
83625ACM,F,0.1,Stepped
83626ACM,A,0.2,Flat
83630ACM,B,0.3,Platform
83637ACM,C,0.5,Stepped
83638ACM,D,0.25,Flat
83647AC ,E,0.1,Platform
83667ACM,F,0.2,Stepped
83668AC ,A,0.3,Flat
83669ACM,B,0.5,Platform
83673AC ,C,0.25,Stepped
83674AC ,D,0.1,Flat
83675AC ,E,0.2,Platform
83676AC ,F,0.3,Stepped
83681ACM,A,0.5,Flat
83685ACM,B,0.25,Platform
83686ACM,C,0.1,Stepped
83688ACM,D,0.2,Flat
83745ACM,E,0.3,Platform
83765ACM,F,0.5,Stepped
83775ACM,A,0.25,Flat
83776ACM,B,0.1,Platform
83789AC ,C,0.2,Stepped
83794AC ,D,0.3,Flat
83800ACM,E,0.5,Platform
83804AC ,F,0.25,Stepped
83815ACM,A,0.1,Flat
83821ACM,B,0.2,Platform
83823ACM,C,0.3,Stepped
83825ACM,D,0.5,Flat
83830ACM,E,0.25,Platform
83837ACM,F,0.1,Stepped
83840ACM,A,0.2,Flat
83848ACM,B,0.3,Platform
83871ACM,C,0.5,Stepped
83885ACM,D,0.25,Flat
83886ACM,E,0.1,Platform
83910ACM,F,0.2,Stepped
83917ACM,A,0.3,Flat
83936ACM,B,0.5,Platform
83957ACM,C,0.25,Stepped
83970ACM,D,0.1,Flat
83979ACM,E,0.2,Platform
83992ACM,F,0.3,Stepped
83996ACM,A,0.5,Flat
84012ACM,B,0.25,Platform
84014AC ,C,0.1,Stepped
84034ACM,D,0.2,Flat
84037ACM,E,0.3,Platform
84096AC ,F,0.5,Stepped
84098AC ,A,0.25,Flat
84102AC ,B,0.1,Platform
84104AC ,C,0.2,Stepped
84127AC ,D,0.3,Flat
84174ACM,E,0.5,Platform
84200ACM,F,0.25,Stepped
84205ACM,A,0.1,Flat
84227AC ,B,0.2,Platform
84229AC ,C,0.3,Stepped
84263ACM,D,0.5,Flat
84301AC ,E,0.25,Platform
84347AC ,F,0.1,Stepped
84348AC ,A,0.2,Flat
84383ACM,B,0.3,Platform
84415ACM,C,0.5,Stepped
84420ACM,D,0.25,Flat
84442ACM,E,0.1,Platform
84501ACM,F,0.2,Stepped
84503AC ,A,0.3,Flat
84549ACM,B,0.5,Platform
84559ACM,C,0.25,Stepped
84609ACM,D,0.1,Flat
84619ACM,E,0.2,Platform
84655ACM,F,0.3,Stepped
84705ACM,A,0.5,Flat
84707ACM,B,0.25,Platform
84733ACM,C,0.1,Stepped
84739ACM,D,0.2,Flat
84745ACM,E,0.3,Platform
84748ACM,F,0.5,Stepped
84751ACM,A,0.25,Flat
84760ACM,B,0.1,Platform
84783ACM,C,0.2,Stepped
84788ACM,D,0.3,Flat
84842AC ,E,0.5,Platform
84848AC ,F,0.25,Stepped
84852AC ,A,0.1,Flat
84853AC ,B,0.2,Platform
84859AC ,C,0.3,Stepped
84870ACM,D,0.5,Flat
84898ACM,E,0.25,Platform
84948ACM,F,0.1,Stepped
84979AC ,A,0.2,Flat
84999ACM,B,0.3,Platform
85003ACM,C,0.5,Stepped
85012ACM,D,0.25,Flat
85037ACM,E,0.1,Platform
85038AC ,F,0.2,Stepped
85078AC ,A,0.3,Flat
85135ACM,B,0.5,Platform
85162ACK,C,0.25,Stepped
85170ACM,D,0.1,Flat
85171ACM,E,0.2,Platform
85184AC ,F,0.3,Stepped
85228ACM,A,0.5,Flat
85229ACM,B,0.25,Platform
85243ACM,C,0.1,Stepped
85250ACM,D,0.2,Flat
85268ACM,E,0.3,Platform
85274ACM,F,0.5,Stepped
85278ACM,A,0.25,Flat
85284ACM,B,0.1,Platform
85286ACM,C,0.2,Stepped
85298ACM,D,0.3,Flat
85349ACM,E,0.5,Platform
85377ACM,F,0.25,Stepped
85379ACM,A,0.1,Flat
85397ACM,B,0.2,Platform
85401ACM,C,0.3,Stepped
85412AC ,D,0.5,Flat
85413AC ,E,0.25,Platform
85416ACM,F,0.1,Stepped
85417ACM,A,0.2,Flat
85431ACM,B,0.3,Platform
85440ACM,C,0.5,Stepped
85447ACM,D,0.25,Flat
85455ACM,E,0.1,Platform
85460ACM,F,0.2,Stepped
85462ACM,A,0.3,Flat
85469ACM,B,0.5,Platform
85483AC ,C,0.25,Stepped
85486ACM,D,0.1,Flat
85488ACM,E,0.2,Platform
85493ACM,F,0.3,Stepped
85501ACM,A,0.5,Flat
85502ACM,B,0.25,Platform
85520ACM,C,0.1,Stepped
85530ACM,D,0.2,Flat
85533ACM,E,0.3,Platform
85549ACM,F,0.5,Stepped
85554ACM,A,0.25,Flat
85560ACM,B,0.1,Platform
85571ACM,C,0.2,Stepped
85577ACM,D,0.3,Flat
85584ACM,E,0.5,Platform
85587ACM,F,0.25,Stepped
85588ACM,A,0.1,Flat
85589ACM,B,0.2,Platform
85601ACM,C,0.3,Stepped
85602ACM,D,0.5,Flat
85612ACM,E,0.25,Platform
85614ACM,F,0.1,Stepped
85615ACM,A,0.2,Flat
85616ACM,B,0.3,Platform
85634ACM,C,0.5,Stepped
85639ACM,D,0.25,Flat
85640ACM,E,0.1,Platform
85642ACM,F,0.2,Stepped
85643ACM,A,0.3,Flat
85649ACM,B,0.5,Platform
85673ACM,C,0.25,Stepped
85721ACM,D,0.1,Flat
85731ACM,E,0.2,Platform
85732ACM,F,0.3,Stepped
85733ACM,A,0.5,Flat
85794ACM,B,0.25,Platform
85800ACM,C,0.1,Stepped
85805ACM,D,0.2,Flat
85810ACM,E,0.3,Platform
85815ACM,F,0.5,Stepped
85821ACM,A,0.25,Flat
85829ACM,B,0.1,Platform
85923ACM,C,0.2,Stepped
85925ACM,D,0.3,Flat
85939ACM,E,0.5,Platform
86036AC ,F,0.25,Stepped
86037AC ,A,0.1,Flat
86043AC ,B,0.2,Platform
86070ACM,C,0.3,Stepped
86073ACM,D,0.5,Flat
86075ACM,E,0.25,Platform
86115ACM,F,0.1,Stepped
86173AC ,A,0.2,Flat
86175AC ,B,0.3,Platform
86177AC ,C,0.5,Stepped
86178AC ,D,0.25,Flat
86186ACM,E,0.1,Platform
86350ACM,F,0.2,Stepped
86353ACM,A,0.3,Flat
86355ACM,B,0.5,Platform
86359ACM,C,0.25,Stepped
86361ACM,D,0.1,Flat
86401ACM,E,0.2,Platform
86404ACM,F,0.3,Stepped
86410ACM,A,0.5,Flat
86428AC ,B,0.25,Platform
86433ACM,C,0.1,Stepped
86434ACM,D,0.2,Flat
86478ACM,E,0.3,Platform
86479ACM,F,0.5,Stepped
86501ACM,A,0.25,Flat
86502ACM,B,0.1,Platform
86503ACM,C,0.2,Stepped
86504ACM,D,0.3,Flat
86505ACM,E,0.5,Platform
86506ACM,F,0.25,Stepped
86507ACM,A,0.1,Flat
86512ACM,B,0.2,Platform
86515ACM,C,0.3,Stepped
86539ACM,D,0.5,Flat
86586ACM,E,0.25,Platform
86648ACM,F,0.1,Stepped
86653ACM,A,0.2,Flat
86654ACM,B,0.3,Platform
86655ACM,C,0.5,Stepped
86657ACM,D,0.25,Flat
86660ACM,E,0.1,Platform
86663ACM,F,0.2,Stepped
86689ACM,A,0.3,Flat
86711ACM,B,0.5,Platform
86714AC ,C,0.25,Stepped
86718ACM,D,0.1,Flat
86728ACM,E,0.2,Platform
86762ACM,F,0.3,Stepped
86764ACM,A,0.5,Flat
86776ACM,B,0.25,Platform
86777ACM,C,0.1,Stepped
86783ACM,D,0.2,Flat
86802AC ,E,0.3,Platform
86807AC ,F,0.5,Stepped
86814AC ,A,0.25,Flat
86816AC ,B,0.1,Platform
86833ACM,C,0.2,Stepped
86854ACM,D,0.3,Flat
86882AC ,E,0.5,Platform
86888AC ,F,0.25,Stepped
86935ACM,A,0.1,Flat
86940ACM,B,0.2,Platform
86941ACM,C,0.3,Stepped
86948ACM,D,0.5,Flat
86951ACM,E,0.25,Platform
86952ACM,F,0.1,Stepped
86968ACK,A,0.2,Flat
86973ACK,B,0.3,Platform
86976ACK,C,0.5,Stepped
86979ACK,D,0.25,Flat
86993ACM,E,0.1,Platform
87562ACM,F,0.2,Stepped
87563ACM,A,0.3,Flat
87564ACM,B,0.5,Platform
87565ACM,C,0.25,Stepped
87578AC ,D,0.1,Flat
87579ACM,E,0.2,Platform
87926ACM,F,0.3,Stepped
87928ACM,A,0.5,Flat
88037ACM,B,0.25,Platform
88144ACM,C,0.1,Stepped
88191ACM,D,0.2,Flat
88210ACM,E,0.3,Platform
88227ACM,F,0.5,Stepped
88228ACM,A,0.25,Flat
88246ACM,B,0.1,Platform
88268ACM,C,0.2,Stepped
88304ACM,D,0.3,Flat
88311ACM,E,0.5,Platform
88345ACM,F,0.25,Stepped
88359ACM,A,0.1,Flat
88388ACM,B,0.2,Platform
88394AC ,C,0.3,Stepped
88433ACM,D,0.5,Flat
88439ACM,E,0.25,Platform
88457ACM,F,0.1,Stepped
88490ACM,A,0.2,Flat
88500ACM,B,0.3,Platform
88519ACM,C,0.5,Stepped
88541ACM,D,0.25,Flat
88542ACM,E,0.1,Platform
88543ACM,F,0.2,Stepped
88562ACM,A,0.3,Flat
88619ACM,B,0.5,Platform
88620ACM,C,0.25,Stepped
88621ACM,D,0.1,Flat
88622ACM,E,0.2,Platform
88625ACM,F,0.3,Stepped
88660ACM,A,0.5,Flat
88664ACM,B,0.25,Platform
88669ACM,C,0.1,Stepped
8868DACM,D,0.2,Flat
88685ACM,E,0.3,Platform
88686ACM,F,0.5,Stepped
88688ACM,A,0.25,Flat
88689ACM,B,0.1,Platform
88690ACM,C,0.2,Stepped
88692ACM,D,0.3,Flat
88693ACM,E,0.5,Platform
88694ACM,F,0.25,Stepped
88695ACM,A,0.1,Flat
88696ACM,B,0.2,Platform
88697ACM,C,0.3,Stepped
88699ACM,D,0.5,Flat
88894ACM,E,0.25,Platform
88905AC ,F,0.1,Stepped
88924AC ,A,0.2,Flat
88937AC ,B,0.3,Platform
88939AC ,C,0.5,Stepped
88952ACM,D,0.25,Flat
88954ACM,E,0.1,Platform
88968ACM,F,0.2,Stepped
88969ACM,A,0.3,Flat
88973ACM,B,0.5,Platform
88980ACM,C,0.25,Stepped
88983ACM,D,0.1,Flat
88986ACM,E,0.2,Platform
88990ACM,F,0.3,Stepped
89084ACM,A,0.5,Flat
89088ACM,B,0.25,Platform
89095ACM,C,0.1,Stepped
89102ACM,D,0.2,Flat
89103ACM,E,0.3,Platform
89104ACM,F,0.5,Stepped
89105ACM,A,0.25,Flat
89106ACM,B,0.1,Platform
89112ACM,C,0.2,Stepped
89115ACM,D,0.3,Flat
89128ACM,E,0.5,Platform
89158ACM,F,0.25,Stepped
89163ACM,A,0.1,Flat
89177ACM,B,0.2,Platform
89183ACM,C,0.3,Stepped
89184ACM,D,0.5,Flat
89189ACM,E,0.25,Platform
89192ACM,F,0.1,Stepped
89193ACM,A,0.2,Flat
89196ACM,B,0.3,Platform
89206ACM,C,0.5,Stepped
89211AC ,D,0.25,Flat
89227ACM,E,0.1,Platform
89242ACM,F,0.2,Stepped
89260ACM,A,0.3,Flat
89268ACM,B,0.5,Platform
89288ACM,C,0.25,Stepped
89300ACM,D,0.1,Flat
89320ACM,E,0.2,Platform
89324ACM,F,0.3,Stepped
89325ACM,A,0.5,Flat
89326ACM,B,0.25,Platform
89355ACM,C,0.1,Stepped
89408AC ,D,0.2,Flat
89415ACM,E,0.3,Platform
89442ACM,F,0.5,Stepped
89444ACM,A,0.25,Flat
89485ACM,B,0.1,Platform
89505ACM,C,0.2,Stepped
89515ACM,D,0.3,Flat
89520ACM,E,0.5,Platform
89525ACM,F,0.25,Stepped
89529ACM,A,0.1,Flat
89530ACM,B,0.2,Platform
89535ACM,C,0.3,Stepped
89542ACM,D,0.5,Flat
89546ACM,E,0.25,Platform
89555ACM,F,0.1,Stepped
89560ACM,A,0.2,Flat
89592ACM,B,0.3,Platform
89594ACM,C,0.5,Stepped
89596ACM,D,0.25,Flat
89597ACM,E,0.1,Platform
89636ACM,F,0.2,Stepped
89644ACM,A,0.3,Flat
89677AC ,B,0.5,Platform
89758ACM,C,0.25,Stepped
89759ACM,D,0.1,Flat
89802ACM,E,0.2,Platform
89869ACM,F,0.3,Stepped
89870ACM,A,0.5,Flat
89888ACM,B,0.25,Platform
89889ACM,C,0.1,Stepped
89891ACM,D,0.2,Flat
89892ACM,E,0.3,Platform
89896ACM,F,0.5,Stepped
89897ACM,A,0.25,Flat
89900ACM,B,0.1,Platform
89917ACM,C,0.2,Stepped
89955ACM,D,0.3,Flat
89956ACM,E,0.5,Platform
90134ACM,F,0.25,Stepped
90157ACD,A,0.1,Flat
90165ACD,B,0.2,Platform
90169ACD,C,0.3,Stepped
90171ACD,D,0.5,Flat
90175ACD,E,0.25,Platform
90178ACD,F,0.1,Stepped
90182ACD,A,0.2,Flat
90183ACD,B,0.3,Platform
90191ACD,C,0.5,Stepped
90193ACD,D,0.25,Flat
90194ACD,E,0.1,Platform
90199ACD,F,0.2,Stepped
90201ACD,A,0.3,Flat
90203ACD,B,0.5,Platform
90204ACD,C,0.25,Stepped
90207ACD,D,0.1,Flat
90214ACM,E,0.2,Platform
90217ACM,F,0.3,Stepped
90236ACD,A,0.5,Flat
90238ACD,B,0.25,Platform
90239ACD,C,0.1,Stepped
90243ACD,D,0.2,Flat
90244ACD,E,0.3,Platform
90245ACD,F,0.5,Stepped
90246ACD,A,0.25,Flat
90250ACD,B,0.1,Platform
90267ACD,C,0.2,Stepped
90268ACD,D,0.3,Flat
90269ACD,E,0.5,Platform
90270ACD,F,0.25,Stepped
90278ACM,A,0.1,Flat
90296ACM,B,0.2,Platform
90311ACM,C,0.3,Stepped
90317ACM,D,0.5,Flat
90318ACM,E,0.25,Platform
90337ACM,F,0.1,Stepped
90339ACM,A,0.2,Flat
90341ACM,B,0.3,Platform
90352ACM,C,0.5,Stepped
90361ACM,D,0.25,Flat
90403ACM,E,0.1,Platform
90500ACM,F,0.2,Stepped
90526ACM,A,0.3,Flat
90560ACM,B,0.5,Platform
90613ACM,C,0.25,Stepped
90618ACM,D,0.1,Flat
90632ACD,E,0.2,Platform
90639ACD,F,0.3,Stepped
90640ACD,A,0.5,Flat
90641ACD,B,0.25,Platform
90721ACM,C,0.1,Stepped
90724ACM,D,0.2,Flat
90730ACM,E,0.3,Platform
90740ACM,F,0.5,Stepped
90765ACM,A,0.25,Flat
90778ACM,B,0.1,Platform
90790ACM,C,0.2,Stepped
90821ACM,D,0.3,Flat
90827ACM,E,0.5,Platform
90829ACM,F,0.25,Stepped
90838ACM,A,0.1,Flat
90932ACM,B,0.2,Platform
91017AC ,C,0.3,Stepped
91064AC ,D,0.5,Flat
91065AC ,E,0.25,Platform
91066AC ,F,0.1,Stepped
91085ACM,A,0.2,Flat
91094ACM,B,0.3,Platform
91103ACM,C,0.5,Stepped
91125ACM,D,0.25,Flat
91161ACM,E,0.1,Platform
91173ACM,F,0.2,Stepped
91174ACD,A,0.3,Flat
91175ACD,B,0.5,Platform
91176ACD,C,0.25,Stepped
91177ACD,D,0.1,Flat
91178ACD,E,0.2,Platform
91180ACD,F,0.3,Stepped
91182ACD,A,0.5,Flat
91195ACM,B,0.25,Platform
91210ACD,C,0.1,Stepped
91219ACM,D,0.2,Flat
91237ACD,E,0.3,Platform
91240ACD,F,0.5,Stepped
91257ACM,A,0.25,Flat
91272ACM,B,0.1,Platform
91273ACM,C,0.2,Stepped
91274ACM,D,0.3,Flat
91292ACM,E,0.5,Platform
91293ACM,F,0.25,Stepped
91297ACM,A,0.1,Flat
91333ACM,B,0.2,Platform
91336ACM,C,0.3,Stepped
91353ACM,D,0.5,Flat
91355ACM,E,0.25,Platform
91376ACM,F,0.1,Stepped
91383ACM,A,0.2,Flat
91388ACM,B,0.3,Platform
91391AC ,C,0.5,Stepped
91396ACM,D,0.25,Flat
91399ACM,E,0.1,Platform
91403ACM,F,0.2,Stepped
91404ACM,A,0.3,Flat
91406ACM,B,0.5,Platform
91408ACM,C,0.25,Stepped
91426ACM,D,0.1,Flat
91427ACM,E,0.2,Platform
91432ACD,F,0.3,Stepped
91436AC ,A,0.5,Flat
91438ACM,B,0.25,Platform
91439ACM,C,0.1,Stepped
91443ACM,D,0.2,Flat
91447ACM,E,0.3,Platform
91453ACM,F,0.5,Stepped
91455ACD,A,0.25,Flat
91461ACD,B,0.1,Platform
91462AC ,C,0.2,Stepped
91465ACM,D,0.3,Flat
91475ACM,E,0.5,Platform
91482ACM,F,0.25,Stepped
91490ACM,A,0.1,Flat
91492AC ,B,0.2,Platform
91499AC ,C,0.3,Stepped
91501ACM,D,0.5,Flat
91502ACD,E,0.25,Platform
91511ACM,F,0.1,Stepped
91513ACM,A,0.2,Flat
91514ACM,B,0.3,Platform
91515ACM,C,0.5,Stepped
91517AC ,D,0.25,Flat
91521AC ,E,0.1,Platform
91522AC ,F,0.2,Stepped
91523AC ,A,0.3,Flat
91540ACM,B,0.5,Platform
91546ACM,C,0.25,Stepped
91547ACM,D,0.1,Flat
91548ACM,E,0.2,Platform
91556ACM,F,0.3,Stepped
91562ACM,A,0.5,Flat
91564ACM,B,0.25,Platform
91565ACM,C,0.1,Stepped
91567ACM,D,0.2,Flat
91568ACM,E,0.3,Platform
91569ACM,F,0.5,Stepped
91577ACM,A,0.25,Flat
91581AC ,B,0.1,Platform
91582AC ,C,0.2,Stepped
91583AC ,D,0.3,Flat
91617ACM,E,0.5,Platform
91619ACM,F,0.25,Stepped
91641ACA,A,0.1,Flat
91656ACM,B,0.2,Platform
91663ACD,C,0.3,Stepped
91685AC ,D,0.5,Flat
91686AC ,E,0.25,Platform
91696ACM,F,0.1,Stepped
91697AC ,A,0.2,Flat
91951ACM,B,0.3,Platform
91952ACM,C,0.5,Stepped
91953ACM,D,0.25,Flat
91955ACM,E,0.1,Platform
91956ACM,F,0.2,Stepped
92006AC ,A,0.3,Flat
92039ACA,B,0.5,Platform
92058ACM,C,0.25,Stepped
92059ACM,D,0.1,Flat
92064ACM,E,0.2,Platform
92065ACM,F,0.3,Stepped
92067ACM,A,0.5,Flat
92068ACM,B,0.25,Platform
92071ACM,C,0.1,Stepped
92072ACM,D,0.2,Flat
92073ACM,E,0.3,Platform
92080AC ,F,0.5,Stepped
92087ACM,A,0.25,Flat
92089ACM,B,0.1,Platform
92099AC ,C,0.2,Stepped
92156ACM,D,0.3,Flat
92163ACM,E,0.5,Platform
92164ACM,F,0.25,Stepped
92166ACM,A,0.1,Flat
92167ACM,B,0.2,Platform
92169ACM,C,0.3,Stepped
92190ACM,D,0.5,Flat
92192ACM,E,0.25,Platform
92193ACM,F,0.1,Stepped
92194ACM,A,0.2,Flat
92201AC ,B,0.3,Platform
92291ACM,C,0.5,Stepped
92378ACN,D,0.25,Flat
92440AC ,E,0.1,Platform
92442AC ,F,0.2,Stepped
92444AC ,A,0.3,Flat
92445AC ,B,0.5,Platform
92448AC ,C,0.25,Stepped
92451AC ,D,0.1,Flat
92455AC ,E,0.2,Platform
92456AC ,F,0.3,Stepped
92457AC ,A,0.5,Flat
92458AC ,B,0.25,Platform
92505AC ,C,0.1,Stepped
92514AC ,D,0.2,Flat
92516AC ,E,0.3,Platform
92521AC ,F,0.5,Stepped
92528ACM,A,0.25,Flat
92558AC ,B,0.1,Platform
92571ACM,C,0.2,Stepped
92575ACM,D,0.3,Flat
92612ACM,E,0.5,Platform
92675ACM,F,0.25,Stepped
92798AC ,A,0.1,Flat
92799ACM,B,0.2,Platform
92820ACK,C,0.3,Stepped
92845ACK,D,0.5,Flat
92856ACK,E,0.25,Platform
92860ACK,F,0.1,Stepped
92867ACK,A,0.2,Flat
92868ACK,B,0.3,Platform
92869ACK,C,0.5,Stepped
92870ACK,D,0.25,Flat
92874ACK,E,0.1,Platform
92875ACK,F,0.2,Stepped
92876ACK,A,0.3,Flat
92893ACM,B,0.5,Platform
92896ACM,C,0.25,Stepped
92897ACK,D,0.1,Flat
92899ACM,E,0.2,Platform
92938ACM,F,0.3,Stepped
92965ACM,A,0.5,Flat
93005ACM,B,0.25,Platform
93076ACM,C,0.1,Stepped
93199ACM,D,0.2,Flat
93209ACM,E,0.3,Platform
93223ACM,F,0.5,Stepped
93237ACM,A,0.25,Flat
93256ACM,B,0.1,Platform
93259ACM,C,0.2,Stepped
93419ACA,D,0.3,Flat
93445ACM,E,0.5,Platform
93447ACM,F,0.25,Stepped
93451ACM,A,0.1,Flat
93459ACM,B,0.2,Platform
93460ACM,C,0.3,Stepped
93463ACM,D,0.5,Flat
93575ACM,E,0.25,Platform
93641ACM,F,0.1,Stepped
93686ACM,A,0.2,Flat
93687ACM,B,0.3,Platform
93688ACM,C,0.5,Stepped
93689ACM,D,0.25,Flat
93782ACM,E,0.1,Platform
93783ACM,F,0.2,Stepped
93842AC ,A,0.3,Flat
93844AC ,B,0.5,Platform
93861AC ,C,0.25,Stepped
93875ACM,D,0.1,Flat
93877ACM,E,0.2,Platform
93881AC ,F,0.3,Stepped
93942ACA,A,0.5,Flat
93988ACN,B,0.25,Platform
93997ACN,C,0.1,Stepped
93998ACN,D,0.2,Flat
94002AC ,E,0.3,Platform
94003ACM,F,0.5,Stepped
94138ACM,A,0.25,Flat
94152ACM,B,0.1,Platform
94172ACM,C,0.2,Stepped
94174ACM,D,0.3,Flat
94176ACM,E,0.5,Platform
94183ACM,F,0.25,Stepped
94232ACM,A,0.1,Flat
94233ACM,B,0.2,Platform
94237ACM,C,0.3,Stepped
94241ACM,D,0.5,Flat
94242ACM,E,0.25,Platform
94244ACM,F,0.1,Stepped
94256ACM,A,0.2,Flat
94291ACM,B,0.3,Platform
94292ACM,C,0.5,Stepped
94293ACM,D,0.25,Flat
94294ACM,E,0.1,Platform
94317ACM,F,0.2,Stepped
94319ACM,A,0.3,Flat
94349ACM,B,0.5,Platform
94353ACM,C,0.25,Stepped
94356ACM,D,0.1,Flat
94377ACM,E,0.2,Platform
94484ACM,F,0.3,Stepped
94508AC ,A,0.5,Flat
94521ACM,B,0.25,Platform
94525ACM,C,0.1,Stepped
94528ACM,D,0.2,Flat
94531ACM,E,0.3,Platform
94545ACM,F,0.5,Stepped
94546ACM,A,0.25,Flat
94562AC ,B,0.1,Platform
94563AC ,C,0.2,Stepped
94567ACM,D,0.3,Flat
94579ACM,E,0.5,Platform
94603ACM,F,0.25,Stepped
94610ACM,A,0.1,Flat
94614ACA,B,0.2,Platform
94615ACM,C,0.3,Stepped
94623AC ,D,0.5,Flat
94650ACM,E,0.25,Platform
94668ACM,F,0.1,Stepped
94775ACM,A,0.2,Flat
94814ACM,B,0.3,Platform
94826AC ,C,0.5,Stepped
94827AC ,D,0.25,Flat
94828AC ,E,0.1,Platform
94832AC ,F,0.2,Stepped
94833AC ,A,0.3,Flat
95004ACM,B,0.5,Platform
95007ACM,C,0.25,Stepped
95013ACM,D,0.1,Flat
95014ACM,E,0.2,Platform
95018ACM,F,0.3,Stepped
95022ACM,A,0.5,Flat
95032ACM,B,0.25,Platform
95034ACM,C,0.1,Stepped
95044ACM,D,0.2,Flat
95045ACM,E,0.3,Platform
95046ACM,F,0.5,Stepped
95116ACD,A,0.25,Flat
95117ACD,B,0.1,Platform
95118ACD,C,0.2,Stepped
95120ACD,D,0.3,Flat
95123ACD,E,0.5,Platform
95229ACM,F,0.25,Stepped
95235ACM,A,0.1,Flat
95273ACM,B,0.2,Platform
95280ACD,C,0.3,Stepped
95281ACD,D,0.5,Flat
95285ACD,E,0.25,Platform
95288ACD,F,0.1,Stepped
95289ACD,A,0.2,Flat
95305ACM,B,0.3,Platform
95325ACM,C,0.5,Stepped
95339ACM,D,0.25,Flat
95381ACM,E,0.1,Platform
95436ACM,F,0.2,Stepped
95474ACD,A,0.3,Flat
95496ACD,B,0.5,Platform
95600ACM,C,0.25,Stepped
95610ACM,D,0.1,Flat
95612ACM,E,0.2,Platform
95613ACM,F,0.3,Stepped
95667ACM,A,0.5,Flat
95668AC ,B,0.25,Platform
95670ACM,C,0.1,Stepped
95671ACM,D,0.2,Flat
95672AC ,E,0.3,Platform
95673AC ,F,0.5,Stepped
95674AC ,A,0.25,Flat
95693AC ,B,0.1,Platform
95701AC ,C,0.2,Stepped
95775ACD,D,0.3,Flat
96193ACM,E,0.5,Platform
96194ACM,F,0.25,Stepped
96196ACM,A,0.1,Flat
96197ACM,B,0.2,Platform
96211ACM,C,0.3,Stepped
96284ACM,D,0.5,Flat
96286ACM,E,0.25,Platform
96371AC ,F,0.1,Stepped
96372AC ,A,0.2,Flat
96373ACM,B,0.3,Platform
96400ACM,C,0.5,Stepped
96403ACM,D,0.25,Flat
96404ACM,E,0.1,Platform
96406ACM,F,0.2,Stepped
96407ACM,A,0.3,Flat
96411ACM,B,0.5,Platform
96413ACM,C,0.25,Stepped
96419ACM,D,0.1,Flat
96422ACM,E,0.2,Platform
96427ACM,F,0.3,Stepped
96431ACM,A,0.5,Flat
96448ACM,B,0.25,Platform
96459ACM,C,0.1,Stepped
96495ACM,D,0.2,Flat
96513ACM,E,0.3,Platform
96533ACM,F,0.5,Stepped
96537ACM,A,0.25,Flat
96538ACM,B,0.1,Platform
96544ACM,C,0.2,Stepped
96545ACM,D,0.3,Flat
96557ACM,E,0.5,Platform
96562ACM,F,0.25,Stepped
96600ACM,A,0.1,Flat
96601ACM,B,0.2,Platform
96684ACM,C,0.3,Stepped
96692ACM,D,0.5,Flat
96724ACM,E,0.25,Platform
96726ACM,F,0.1,Stepped
96757ACM,A,0.2,Flat
96773ACM,B,0.3,Platform
96788ACM,C,0.5,Stepped
96797ACM,D,0.25,Flat
96811ACM,E,0.1,Platform
96816ACM,F,0.2,Stepped
96821ACM,A,0.3,Flat
96826ACM,B,0.5,Platform
96857ACM,C,0.25,Stepped
96861ACM,D,0.1,Flat
96907AC ,E,0.2,Platform
96938ACM,F,0.3,Stepped
96962ACM,A,0.5,Flat
97002ACM,B,0.25,Platform
97007ACM,C,0.1,Stepped
97010AC ,D,0.2,Flat
97017ACM,E,0.3,Platform
97026ACM,F,0.5,Stepped
97028ACM,A,0.25,Flat
97030ACM,B,0.1,Platform
97031ACM,C,0.2,Stepped
97032ACM,D,0.3,Flat
97035ACM,E,0.5,Platform
97037ACM,F,0.25,Stepped
97038AC ,A,0.1,Flat
97049ACM,B,0.2,Platform
97059ACM,C,0.3,Stepped
97065ACM,D,0.5,Flat
97093ACM,E,0.25,Platform
97114ACM,F,0.1,Stepped
97126ACM,A,0.2,Flat
97134AC ,B,0.3,Platform
97137AC ,C,0.5,Stepped
97138ACM,D,0.25,Flat
97139ACM,E,0.1,Platform
97142ACM,F,0.2,Stepped
97153ACM,A,0.3,Flat
97174ACM,B,0.5,Platform
97178ACM,C,0.25,Stepped
97194ACM,D,0.1,Flat
97200ACM,E,0.2,Platform
97202ACM,F,0.3,Stepped
97203ACM,A,0.5,Flat
97204ACM,B,0.25,Platform
97205ACM,C,0.1,Stepped
97211ACM,D,0.2,Flat
97212ACM,E,0.3,Platform
97217ACM,F,0.5,Stepped
97220AC ,A,0.25,Flat
97225AC ,B,0.1,Platform
97226ACM,C,0.2,Stepped
97238ACM,D,0.3,Flat
97240ACM,E,0.5,Platform
97241ACM,F,0.25,Stepped
97242ACM,A,0.1,Flat
97243ACM,B,0.2,Platform
97244ACM,C,0.3,Stepped
97245ACM,D,0.5,Flat
97246ACM,E,0.25,Platform
97275ACM,F,0.1,Stepped
97276ACM,A,0.2,Flat
97312AC ,B,0.3,Platform
97313ACM,C,0.5,Stepped
97329AC ,D,0.25,Flat
97333AC ,E,0.1,Platform
97446ACM,F,0.2,Stepped
97518ACM,A,0.3,Flat
97519ACM,B,0.5,Platform
97529ACM,C,0.25,Stepped
97553ACM,D,0.1,Flat
97559ACM,E,0.2,Platform
97563ACM,F,0.3,Stepped
97616AC ,A,0.5,Flat
97618ACM,B,0.25,Platform
97740ACM,C,0.1,Stepped
97780ACN,D,0.2,Flat
97781ACN,E,0.3,Platform
97895ACM,F,0.5,Stepped
98040ACM,A,0.25,Flat
98041ACM,B,0.1,Platform
98050ACM,C,0.2,Stepped
98068AC ,D,0.3,Flat
98078ACN,E,0.5,Platform
98083ACN,F,0.25,Stepped
98090ACM,A,0.1,Flat
98123ACM,B,0.2,Platform
98281ACM,C,0.3,Stepped
98290ACN,D,0.5,Flat
98313ACM,E,0.25,Platform
98316ACM,F,0.1,Stepped
98318ACM,A,0.2,Flat
98322ACM,B,0.3,Platform
98324ACM,C,0.5,Stepped
98327ACM,D,0.25,Flat
98336ACM,E,0.1,Platform
98337ACM,F,0.2,Stepped
98341ACM,A,0.3,Flat
98342ACM,B,0.5,Platform
98347ACM,C,0.25,Stepped
98348ACA,D,0.1,Flat
98349ACM,E,0.2,Platform
98350AC ,F,0.3,Stepped
98357ACM,A,0.5,Flat
98454ACM,B,0.25,Platform
98456ACM,C,0.1,Stepped
98458ACM,D,0.2,Flat
98490ACM,E,0.3,Platform
98492ACM,F,0.5,Stepped
98493ACM,A,0.25,Flat
98494ACM,B,0.1,Platform
98582ACN,C,0.2,Stepped
98604ACM,D,0.3,Flat
98627ACM,E,0.5,Platform
98636ACM,F,0.25,Stepped
98672ACM,A,0.1,Flat
98940AC ,B,0.2,Platform
98941AC ,C,0.3,Stepped
98942AC ,D,0.5,Flat
98944AC ,E,0.25,Platform
98946AC ,F,0.1,Stepped
98947AC ,A,0.2,Flat
98948AC ,B,0.3,Platform
98949AC ,C,0.5,Stepped
98950AC ,D,0.25,Flat
98951AC ,E,0.1,Platform
98952AC ,F,0.2,Stepped
99022ACN,A,0.3,Flat
99048ACM,B,0.5,Platform
99067AC ,C,0.25,Stepped
99102AC ,D,0.1,Flat
99103AC ,E,0.2,Platform
99104AC ,F,0.3,Stepped
99129AC ,A,0.5,Flat
99130AC ,B,0.25,Platform
99141AC ,C,0.1,Stepped
99142AC ,D,0.2,Flat
99147AC ,E,0.3,Platform
99148AC ,F,0.5,Stepped
99149AC ,A,0.25,Flat
99181AC ,B,0.1,Platform
99182AC ,C,0.2,Stepped
99183AC ,D,0.3,Flat
99184AC ,E,0.5,Platform
99186AC ,F,0.25,Stepped
99193AC ,A,0.1,Flat
99194AC ,B,0.2,Platform
99195AC ,C,0.3,Stepped
99197AC ,D,0.5,Flat
99223AC ,E,0.25,Platform
99224AC ,F,0.1,Stepped
99252AC ,A,0.2,Flat
99293ACM,B,0.3,Platform
99302AC ,C,0.5,Stepped
99306ACM,D,0.25,Flat
99307AC ,E,0.1,Platform
99371AC ,F,0.2,Stepped
99372AC ,A,0.3,Flat
99374AC ,B,0.5,Platform
99375AC ,C,0.25,Stepped
99387AC ,D,0.1,Flat
99388AC ,E,0.2,Platform
99389AC ,F,0.3,Stepped
99440ACM,A,0.5,Flat
99442ACM,B,0.25,Platform
99531AC ,C,0.1,Stepped
99532AC ,D,0.2,Flat
99533AC ,E,0.3,Platform
99534AC ,F,0.5,Stepped
99536AC ,A,0.25,Flat
99538AC ,B,0.1,Platform
99539AC ,C,0.2,Stepped
99591AC ,D,0.3,Flat
99597AC ,E,0.5,Platform
99631ACM,F,0.25,Stepped
99632ACM,A,0.1,Flat
99638ACM,B,0.2,Platform
99639ACM,C,0.3,Stepped
99647ACM,D,0.5,Flat
99686ACM,E,0.25,Platform
99689ACM,F,0.1,Stepped
99693ACM,A,0.2,Flat
99694ACM,B,0.3,Platform
99697AC ,C,0.5,Stepped
99705ACM,D,0.25,Flat
99708ACM,E,0.1,Platform
99716ACM,F,0.2,Stepped
99717ACM,A,0.3,Flat
99726ACM,B,0.5,Platform
99799ACM,C,0.25,Stepped
99811ACM,D,0.1,Flat
99812ACA,E,0.2,Platform
99864ACM,F,0.3,Stepped
99865ACM,A,0.5,Flat
99866ACM,B,0.25,Platform
99867ACM,C,0.1,Stepped
99868ACA,D,0.2,Flat
99880ACM,E,0.3,Platform
99917ACM,F,0.5,Stepped
99930ACM,A,0.25,Flat
99932ACM,B,0.1,Platform
99946ACM,C,0.2,Stepped
99962ACM,D,0.3,Flat
99968ACM,E,0.5,Platform
99969ACM,F,0.25,Stepped
99973ACM,A,0.1,Flat
99987ACM,B,0.2,Platform
99989ACM,C,0.3,Stepped
99991ACM,D,0.5,Flat
99993ACM,E,0.25,Platform
